section,production,entry_number,type,fact,evidence_note,source_directory,spoiler_level
1,Iron Man,1,On-screen detail,Tony builds the Mark I using materials supplied under captivity,Film / series on-screen observation; external corroboration not independently completed,,potential spoiler
1,Iron Man,2,On-screen detail,Yinsen sacrifices himself to let Tony escape,Film / series on-screen observation; external corroboration not independently completed,,potential spoiler
1,Iron Man,3,On-screen detail,The Ten Rings name appears long before Shang-Chi,Film / series on-screen observation; external corroboration not independently completed,,potential spoiler
1,Iron Man,4,On-screen detail,Obadiah Stane's Iron Monger is built around Tony's technology,Film / series on-screen observation; external corroboration not independently completed,,potential spoiler
1,Iron Man,5,On-screen detail,The mini arc reactor saves Tony before powering the suit,Film / series on-screen observation; external corroboration not independently completed,,potential spoiler
1,Iron Man,6,On-screen detail,Pepper gifts Tony a preserved first arc reactor,Film / series on-screen observation; external corroboration not independently completed,,potential spoiler
1,Iron Man,7,Cross-film connection,The reactor's gift inscription becomes meaningful in later Iron Man films,Film / series on-screen observation; external corroboration not independently completed,,potential spoiler
1,Iron Man,8,Cross-film connection,"Rhodey sees a spare suit and says 'Next time, baby', foreshadowing War Machine",Film / series on-screen observation; external corroboration not independently completed,,potential spoiler
1,Iron Man,9,On-screen detail,"JARVIS is Tony's AI assistant, later connected to Vision",Film / series on-screen observation; external corroboration not independently completed,,potential spoiler
1,Iron Man,10,On-screen detail,Tony chooses red and gold for the Mark III armor,Film / series on-screen observation; external corroboration not independently completed,,potential spoiler
1,Iron Man,11,Easter egg / reference,"Happy Hogan, played by Jon Favreau, is both Tony's employee and the director's cameo",Film / series on-screen observation; external corroboration not independently completed,,potential spoiler
1,Iron Man,12,On-screen detail,Phil Coulson appears as a S.H.I.E.L.D. representative,Film / series on-screen observation; external corroboration not independently completed,,potential spoiler
1,Iron Man,13,On-screen detail,The Strategic Homeland Intervention Enforcement and Logistics Division becomes S.H.I.E.L.D.,Film / series on-screen observation; external corroboration not independently completed,,potential spoiler
1,Iron Man,14,On-screen detail,The film's final disclosure reverses the usual secret-identity trope,Film / series on-screen observation; external corroboration not independently completed,,potential spoiler
1,Iron Man,15,On-screen detail,Nick Fury introduces the Avengers Initiative after the credits,Film / series on-screen observation; external corroboration not independently completed,,potential spoiler
1,Iron Man,16,On-screen detail,"Tony Stark appears in The Incredible Hulk's tag, connecting early films",Film / series on-screen observation; external corroboration not independently completed,,potential spoiler
1,Iron Man,17,Cross-film connection,The Ten Rings kidnappers use an emblem later revisited by the franchise,Film / series on-screen observation; external corroboration not independently completed,,potential spoiler
1,Iron Man,18,On-screen detail,Iron Man's armor-development montages establish a recurring Tony Stark habit,Film / series on-screen observation; external corroboration not independently completed,,potential spoiler
1,Iron Man,19,On-screen detail,Tony's speech about ending Stark weapons production drives the conflict,Film / series on-screen observation; external corroboration not independently completed,,potential spoiler
1,Iron Man,20,Cross-film connection,The 'I am Iron Man' closing line returns at a crucial moment in Endgame,Film / series on-screen observation; external corroboration not independently completed,,potential spoiler
1,The Incredible Hulk,1,On-screen detail,The opening credits retell Banner's origin rather than staging a long origin film,Film / series on-screen observation; external corroboration not independently completed,,potential spoiler
1,The Incredible Hulk,2,On-screen detail,Bruce Banner hides in a Brazilian bottling plant,Film / series on-screen observation; external corroboration not independently completed,,potential spoiler
1,The Incredible Hulk,3,On-screen detail,A contaminated soda bottle points Ross toward Banner,Film / series on-screen observation; external corroboration not independently completed,,potential spoiler
1,The Incredible Hulk,4,On-screen detail,Stan Lee plays the unlucky consumer of the contaminated drink,Film / series on-screen observation; external corroboration not independently completed,,potential spoiler
1,The Incredible Hulk,5,On-screen detail,General Ross leads the hunt for Banner,Film / series on-screen observation; external corroboration not independently completed,,potential spoiler
1,The Incredible Hulk,6,On-screen detail,Emil Blonsky becomes the Abomination,Film / series on-screen observation; external corroboration not independently completed,,potential spoiler
1,The Incredible Hulk,7,On-screen detail,"Blonsky takes an experimental super-soldier treatment, echoing Captain America",Film / series on-screen observation; external corroboration not independently completed,,potential spoiler
1,The Incredible Hulk,8,On-screen detail,Samuel Sterns is introduced as the scientist Mr. Blue,Film / series on-screen observation; external corroboration not independently completed,,potential spoiler
1,The Incredible Hulk,9,On-screen detail,"Banner's blood enters Sterns' forehead wound, setting up the Leader",Film / series on-screen observation; external corroboration not independently completed,,potential spoiler
1,The Incredible Hulk,10,Easter egg / reference,Sterns' comic-book alter ego is the Leader,Film / series on-screen observation; external corroboration not independently completed,,potential spoiler
1,The Incredible Hulk,11,Cross-film connection,The Abomination returns years later in Shang-Chi,Film / series on-screen observation; external corroboration not independently completed,,potential spoiler
1,The Incredible Hulk,12,Cross-film connection,The Abomination returns again in She-Hulk,Film / series on-screen observation; external corroboration not independently completed,,potential spoiler
1,The Incredible Hulk,13,Cross-film connection,General Ross later appears in Civil War,Film / series on-screen observation; external corroboration not independently completed,,potential spoiler
1,The Incredible Hulk,14,Easter egg / reference,The film references the failed military super-soldier program,Film / series on-screen observation; external corroboration not independently completed,,potential spoiler
1,The Incredible Hulk,15,On-screen detail,Betty Ross helps Banner on the run,Film / series on-screen observation; external corroboration not independently completed,,potential spoiler
1,The Incredible Hulk,16,On-screen detail,Banner controls his heart rate to resist transformations,Film / series on-screen observation; external corroboration not independently completed,,potential spoiler
1,The Incredible Hulk,17,On-screen detail,The Hulk fights the Abomination in Harlem,Film / series on-screen observation; external corroboration not independently completed,,potential spoiler
1,The Incredible Hulk,18,On-screen detail,Tony Stark meets Ross at a bar in the concluding tag,Film / series on-screen observation; external corroboration not independently completed,,potential spoiler
1,The Incredible Hulk,19,On-screen detail,The Stark–Ross meeting explicitly mentions assembling a team,Film / series on-screen observation; external corroboration not independently completed,,potential spoiler
1,The Incredible Hulk,20,On-screen detail,Ed Norton plays Banner here; Mark Ruffalo replaces him in The Avengers,Film / series on-screen observation; external corroboration not independently completed,,potential spoiler
1,Iron Man 2,1,Cross-film connection,The Stark Expo revives Howard Stark's earlier World's Fair vision,Film / series on-screen observation; external corroboration not independently completed,,potential spoiler
1,Iron Man 2,2,On-screen detail,Howard leaves Tony a recorded message that advances the arc-reactor research,Film / series on-screen observation; external corroboration not independently completed,,potential spoiler
1,Iron Man 2,3,On-screen detail,The model of the Expo grounds encodes an element's structure,Film / series on-screen observation; external corroboration not independently completed,,potential spoiler
1,Iron Man 2,4,On-screen detail,Howard Stark appears in old footage and later in Captain America and Endgame,Film / series on-screen observation; external corroboration not independently completed,,potential spoiler
1,Iron Man 2,5,Easter egg / reference,Ivan Vanko adapts arc-reactor technology into electrified whips,Film / series on-screen observation; external corroboration not independently completed,,potential spoiler
1,Iron Man 2,6,Easter egg / reference,Vanko's bird provides a recurring character motif,Film / series on-screen observation; external corroboration not independently completed,,potential spoiler
1,Iron Man 2,7,On-screen detail,Justin Hammer attempts to rival Stark Industries,Film / series on-screen observation; external corroboration not independently completed,,potential spoiler
1,Iron Man 2,8,On-screen detail,Natasha Romanoff first appears undercover as Natalie Rushman,Film / series on-screen observation; external corroboration not independently completed,,potential spoiler
1,Iron Man 2,9,On-screen detail,Natasha's hallway fight introduces her Black Widow fighting style,Film / series on-screen observation; external corroboration not independently completed,,potential spoiler
1,Iron Man 2,10,On-screen detail,Nick Fury helps Tony treat palladium poisoning,Film / series on-screen observation; external corroboration not independently completed,,potential spoiler
1,Iron Man 2,11,On-screen detail,"Agent Coulson departs for New Mexico, leading into Thor",Film / series on-screen observation; external corroboration not independently completed,,potential spoiler
1,Iron Man 2,12,On-screen detail,Rhodey takes the Mark II suit and becomes War Machine,Film / series on-screen observation; external corroboration not independently completed,,potential spoiler
1,Iron Man 2,13,On-screen detail,Terrence Howard's Rhodey is recast with Don Cheadle,Film / series on-screen observation; external corroboration not independently completed,,potential spoiler
1,Iron Man 2,14,On-screen detail,Captain America's shield prototype appears among Tony's workroom objects,Film / series on-screen observation; external corroboration not independently completed,,potential spoiler
1,Iron Man 2,15,On-screen detail,Tony briefly uses the shield as a support under a pipe,Film / series on-screen observation; external corroboration not independently completed,,potential spoiler
1,Iron Man 2,16,Easter egg / reference,Sam Rockwell's Justin Hammer is later referenced in other MCU material,Film / series on-screen observation; external corroboration not independently completed,,potential spoiler
1,Iron Man 2,17,Cross-film connection,"The Senate hearing features Senator Stern, who later appears in The Winter Soldier",Film / series on-screen observation; external corroboration not independently completed,,potential spoiler
1,Iron Man 2,18,Cross-film connection,Stark Expo technology and locations recur in later MCU films,Film / series on-screen observation; external corroboration not independently completed,,potential spoiler
1,Iron Man 2,19,Post-credit connection,The post-credit scene reveals Mjolnir in New Mexico,Film / series on-screen observation; external corroboration not independently completed,,potential spoiler
1,Iron Man 2,20,On-screen detail,Pepper takes over as Stark Industries CEO,Film / series on-screen observation; external corroboration not independently completed,,potential spoiler
1,Thor,1,On-screen detail,Thor's banishment introduces Asgard as a different part of the MCU,Film / series on-screen observation; external corroboration not independently completed,,potential spoiler
1,Thor,2,On-screen detail,Mjolnir's worthiness enchantment governs who can lift it,Film / series on-screen observation; external corroboration not independently completed,,potential spoiler
1,Thor,3,On-screen detail,Jane Foster is introduced as an astrophysicist,Film / series on-screen observation; external corroboration not independently completed,,potential spoiler
1,Thor,4,Cross-film connection,Erik Selvig later returns in The Avengers and The Dark World,Film / series on-screen observation; external corroboration not independently completed,,potential spoiler
1,Thor,5,Cross-film connection,Darcy Lewis later returns in WandaVision,Film / series on-screen observation; external corroboration not independently completed,,potential spoiler
1,Thor,6,On-screen detail,The Bifrost links Asgard to other realms,Film / series on-screen observation; external corroboration not independently completed,,potential spoiler
1,Thor,7,On-screen detail,S.H.I.E.L.D. investigates Mjolnir's crater,Film / series on-screen observation; external corroboration not independently completed,,potential spoiler
1,Thor,8,On-screen detail,Coulson carries his investigation forward from Iron Man 2,Film / series on-screen observation; external corroboration not independently completed,,potential spoiler
1,Thor,9,On-screen detail,Clint Barton briefly appears with a bow at the Mjolnir site,Film / series on-screen observation; external corroboration not independently completed,,potential spoiler
1,Thor,10,On-screen detail,Loki learns of his Frost Giant ancestry,Film / series on-screen observation; external corroboration not independently completed,,potential spoiler
1,Thor,11,On-screen detail,The Destroyer fights Thor in New Mexico,Film / series on-screen observation; external corroboration not independently completed,,potential spoiler
1,Thor,12,On-screen detail,Heimdall guards the Bifrost,Film / series on-screen observation; external corroboration not independently completed,,potential spoiler
1,Thor,13,On-screen detail,Odin's vault displays a purported Infinity Gauntlet,Film / series on-screen observation; external corroboration not independently completed,,potential spoiler
1,Thor,14,On-screen detail,Ragnarok later calls the vault's gauntlet a fake,Film / series on-screen observation; external corroboration not independently completed,,potential spoiler
1,Thor,15,On-screen detail,Thor's willingness to sacrifice himself restores his worthiness,Film / series on-screen observation; external corroboration not independently completed,,potential spoiler
1,Thor,16,On-screen detail,The Warriors Three and Sif establish Thor's supporting Asgardian cast,Film / series on-screen observation; external corroboration not independently completed,,potential spoiler
1,Thor,17,Easter egg / reference,An object in the vault resembles the Casket of Ancient Winters,Film / series on-screen observation; external corroboration not independently completed,,potential spoiler
1,Thor,18,Post-credit connection,The post-credit scene shows Selvig meeting Nick Fury,Film / series on-screen observation; external corroboration not independently completed,,potential spoiler
1,Thor,19,Post-credit connection,The post-credit scene introduces the Tesseract to Thor's story,Film / series on-screen observation; external corroboration not independently completed,,potential spoiler
1,Thor,20,On-screen detail,Loki is revealed to be influencing Selvig during the tag,Film / series on-screen observation; external corroboration not independently completed,,potential spoiler
1,Captain America: The First Avenger,1,On-screen detail,The Stark Expo features a display of the original Human Torch android,Film / series on-screen observation; external corroboration not independently completed,,potential spoiler
1,Captain America: The First Avenger,2,Easter egg / reference,That Human Torch display refers to an early Marvel Comics hero,Film / series on-screen observation; external corroboration not independently completed,,potential spoiler
1,Captain America: The First Avenger,3,On-screen detail,Steve Rogers repeatedly tries to enlist despite being rejected,Film / series on-screen observation; external corroboration not independently completed,,potential spoiler
1,Captain America: The First Avenger,4,On-screen detail,Dr. Erskine chooses Steve for character rather than physical strength,Film / series on-screen observation; external corroboration not independently completed,,potential spoiler
1,Captain America: The First Avenger,5,On-screen detail,The super-soldier serum's origins inform later Hulk and Winter Soldier stories,Film / series on-screen observation; external corroboration not independently completed,,potential spoiler
1,Captain America: The First Avenger,6,On-screen detail,Howard Stark helps create Captain America's equipment,Film / series on-screen observation; external corroboration not independently completed,,potential spoiler
1,Captain America: The First Avenger,7,On-screen detail,The vibranium shield becomes Steve's emblem,Film / series on-screen observation; external corroboration not independently completed,,potential spoiler
1,Captain America: The First Avenger,8,On-screen detail,Peggy Carter becomes central to Agent Carter,Film / series on-screen observation; external corroboration not independently completed,,potential spoiler
1,Captain America: The First Avenger,9,On-screen detail,Bucky Barnes apparently falls from the train,Film / series on-screen observation; external corroboration not independently completed,,potential spoiler
1,Captain America: The First Avenger,10,On-screen detail,The Winter Soldier reveals that Bucky survived the fall,Film / series on-screen observation; external corroboration not independently completed,,potential spoiler
1,Captain America: The First Avenger,11,On-screen detail,"HYDRA is led by Johann Schmidt, the Red Skull",Film / series on-screen observation; external corroboration not independently completed,,potential spoiler
1,Captain America: The First Avenger,12,On-screen detail,The Red Skull harnesses energy from the Tesseract,Film / series on-screen observation; external corroboration not independently completed,,potential spoiler
1,Captain America: The First Avenger,13,On-screen detail,The Tesseract later opens Loki's portal in The Avengers,Film / series on-screen observation; external corroboration not independently completed,,potential spoiler
1,Captain America: The First Avenger,14,On-screen detail,The Red Skull disappears after handling the Tesseract,Film / series on-screen observation; external corroboration not independently completed,,potential spoiler
1,Captain America: The First Avenger,15,On-screen detail,Infinity War reveals Red Skull's later role on Vormir,Film / series on-screen observation; external corroboration not independently completed,,potential spoiler
1,Captain America: The First Avenger,16,On-screen detail,Steve sacrifices his chance at a date with Peggy,Film / series on-screen observation; external corroboration not independently completed,,potential spoiler
1,Captain America: The First Avenger,17,On-screen detail,Steve wakes in modern New York decades after crashing the plane,Film / series on-screen observation; external corroboration not independently completed,,potential spoiler
1,Captain America: The First Avenger,18,On-screen detail,Nick Fury introduces Steve to the modern world,Film / series on-screen observation; external corroboration not independently completed,,potential spoiler
1,Captain America: The First Avenger,19,On-screen detail,The Howling Commandos include Dum Dum Dugan and Jim Morita,Film / series on-screen observation; external corroboration not independently completed,,potential spoiler
1,Captain America: The First Avenger,20,Cross-film connection,Steve's catchphrase about persistence echoes in later films,Film / series on-screen observation; external corroboration not independently completed,,potential spoiler
1,The Avengers,1,On-screen detail,Loki uses the Tesseract as a portal generator,Film / series on-screen observation; external corroboration not independently completed,,potential spoiler
1,The Avengers,2,On-screen detail,The Tesseract connects this film to The First Avenger and Thor,Film / series on-screen observation; external corroboration not independently completed,,potential spoiler
1,The Avengers,3,Cross-film connection,"Loki's scepter contains the Mind Stone, clarified in later films",Film / series on-screen observation; external corroboration not independently completed,,potential spoiler
1,The Avengers,4,Post-credit connection,Thanos appears in the mid-credits reveal,Film / series on-screen observation; external corroboration not independently completed,,potential spoiler
1,The Avengers,5,On-screen detail,Nick Fury finally activates the Avengers Initiative,Film / series on-screen observation; external corroboration not independently completed,,potential spoiler
1,The Avengers,6,On-screen detail,Tony Stark refers back to his Iron Man solo-film history,Film / series on-screen observation; external corroboration not independently completed,,potential spoiler
1,The Avengers,7,On-screen detail,Bruce Banner is now played by Mark Ruffalo,Film / series on-screen observation; external corroboration not independently completed,,potential spoiler
1,The Avengers,8,On-screen detail,Steve is adjusting to the modern era after The First Avenger,Film / series on-screen observation; external corroboration not independently completed,,potential spoiler
1,The Avengers,9,On-screen detail,Thor confronts his adopted brother Loki,Film / series on-screen observation; external corroboration not independently completed,,potential spoiler
1,The Avengers,10,On-screen detail,Natasha and Clint's Budapest history is mentioned,Film / series on-screen observation; external corroboration not independently completed,,potential spoiler
1,The Avengers,11,On-screen detail,The Battle of New York becomes a key historical MCU event,Film / series on-screen observation; external corroboration not independently completed,,potential spoiler
1,The Avengers,12,Cross-film connection,The Battle of New York is revisited during Endgame's time heist,Film / series on-screen observation; external corroboration not independently completed,,potential spoiler
1,The Avengers,13,On-screen detail,Kate Bishop witnesses the Battle of New York in Hawkeye,Film / series on-screen observation; external corroboration not independently completed,,potential spoiler
1,The Avengers,14,On-screen detail,The Shawarma tag shows the exhausted team eating together,Film / series on-screen observation; external corroboration not independently completed,,potential spoiler
1,The Avengers,15,On-screen detail,Agent Coulson's apparent death motivates the team,Film / series on-screen observation; external corroboration not independently completed,,potential spoiler
1,The Avengers,16,Cross-film connection,Agents of S.H.I.E.L.D. later revisits Coulson's survival,Film / series on-screen observation; external corroboration not independently completed,,potential spoiler
1,The Avengers,17,On-screen detail,Tony's near-death flight into space contributes to Iron Man 3 anxiety,Film / series on-screen observation; external corroboration not independently completed,,potential spoiler
1,The Avengers,18,On-screen detail,The Hulk catches Iron Man after he falls back through the portal,Film / series on-screen observation; external corroboration not independently completed,,potential spoiler
1,The Avengers,19,On-screen detail,The Avengers assemble in a circular tracking shot,Film / series on-screen observation; external corroboration not independently completed,,potential spoiler
1,The Avengers,20,On-screen detail,The Chitauri invasion creates later damage-control and alien-tech storylines,Film / series on-screen observation; external corroboration not independently completed,,potential spoiler
1,Iron Man 3,1,On-screen detail,The film follows Tony's trauma after the Battle of New York,Film / series on-screen observation; external corroboration not independently completed,,potential spoiler
1,Iron Man 3,2,On-screen detail,Tony has panic attacks when discussing wormholes or New York,Film / series on-screen observation; external corroboration not independently completed,,potential spoiler
1,Iron Man 3,3,On-screen detail,The Mark XLII is assembled from remote-controlled pieces,Film / series on-screen observation; external corroboration not independently completed,,potential spoiler
1,Iron Man 3,4,On-screen detail,Tony gives a young child technology and advice,Film / series on-screen observation; external corroboration not independently completed,,potential spoiler
1,Iron Man 3,5,On-screen detail,Aldrich Killian uses Extremis to enhance people,Film / series on-screen observation; external corroboration not independently completed,,potential spoiler
1,Iron Man 3,6,On-screen detail,Maya Hansen's work drives the Extremis plot,Film / series on-screen observation; external corroboration not independently completed,,potential spoiler
1,Iron Man 3,7,On-screen detail,A false Mandarin fronts an elaborate terrorism deception,Film / series on-screen observation; external corroboration not independently completed,,potential spoiler
1,Iron Man 3,8,On-screen detail,Trevor Slattery is exposed as an actor playing the Mandarin,Film / series on-screen observation; external corroboration not independently completed,,potential spoiler
1,Iron Man 3,9,Cross-film connection,Trevor reappears in Shang-Chi and the Legend of the Ten Rings,Film / series on-screen observation; external corroboration not independently completed,,potential spoiler
1,Iron Man 3,10,On-screen detail,The actual Ten Rings organization is explored in Shang-Chi,Film / series on-screen observation; external corroboration not independently completed,,potential spoiler
1,Iron Man 3,11,On-screen detail,Happy Hogan is badly injured in an attack,Film / series on-screen observation; external corroboration not independently completed,,potential spoiler
1,Iron Man 3,12,On-screen detail,Pepper Potts briefly gains Extremis powers,Film / series on-screen observation; external corroboration not independently completed,,potential spoiler
1,Iron Man 3,13,On-screen detail,The house destruction separates Tony from his usual equipment,Film / series on-screen observation; external corroboration not independently completed,,potential spoiler
1,Iron Man 3,14,On-screen detail,Tony's improvised hardware-store gadgets underline his engineering skills,Film / series on-screen observation; external corroboration not independently completed,,potential spoiler
1,Iron Man 3,15,On-screen detail,Rhodey's armor is rebranded Iron Patriot,Film / series on-screen observation; external corroboration not independently completed,,potential spoiler
1,Iron Man 3,16,On-screen detail,The House Party Protocol summons multiple armors,Film / series on-screen observation; external corroboration not independently completed,,potential spoiler
1,Iron Man 3,17,On-screen detail,Tony orders his many suits destroyed at the ending,Film / series on-screen observation; external corroboration not independently completed,,potential spoiler
1,Iron Man 3,18,On-screen detail,He has the shrapnel removed from his chest,Film / series on-screen observation; external corroboration not independently completed,,potential spoiler
1,Iron Man 3,19,On-screen detail,Tony throws his old arc reactor into the sea,Film / series on-screen observation; external corroboration not independently completed,,potential spoiler
1,Iron Man 3,20,Post-credit connection,The post-credit scene reveals Tony narrating his troubles to Bruce Banner,Film / series on-screen observation; external corroboration not independently completed,,potential spoiler
1,Thor: The Dark World,1,On-screen detail,The Aether is revealed later to be the Reality Stone,Film / series on-screen observation; external corroboration not independently completed,,potential spoiler
1,Thor: The Dark World,2,On-screen detail,Jane Foster accidentally absorbs the Aether,Film / series on-screen observation; external corroboration not independently completed,,potential spoiler
1,Thor: The Dark World,3,On-screen detail,Malekith leads the Dark Elves,Film / series on-screen observation; external corroboration not independently completed,,potential spoiler
1,Thor: The Dark World,4,On-screen detail,Frigga dies protecting Jane during the attack on Asgard,Film / series on-screen observation; external corroboration not independently completed,,potential spoiler
1,Thor: The Dark World,5,On-screen detail,Loki appears to sacrifice himself during the escape,Film / series on-screen observation; external corroboration not independently completed,,potential spoiler
1,Thor: The Dark World,6,On-screen detail,Loki later impersonates Odin on Asgard's throne,Film / series on-screen observation; external corroboration not independently completed,,potential spoiler
1,Thor: The Dark World,7,On-screen detail,Heimdall again guards the Bifrost,Film / series on-screen observation; external corroboration not independently completed,,potential spoiler
1,Thor: The Dark World,8,Cross-film connection,Darcy and Erik Selvig return from the first Thor film,Film / series on-screen observation; external corroboration not independently completed,,potential spoiler
1,Thor: The Dark World,9,On-screen detail,Selvig's mental state reflects the aftermath of Loki's control,Film / series on-screen observation; external corroboration not independently completed,,potential spoiler
1,Thor: The Dark World,10,On-screen detail,The Convergence aligns multiple realms,Film / series on-screen observation; external corroboration not independently completed,,potential spoiler
1,Thor: The Dark World,11,On-screen detail,The final fight uses portals between worlds,Film / series on-screen observation; external corroboration not independently completed,,potential spoiler
1,Thor: The Dark World,12,On-screen detail,The Collector receives the Aether in the credits,Film / series on-screen observation; external corroboration not independently completed,,potential spoiler
1,Thor: The Dark World,13,On-screen detail,The Collector explains that two Infinity Stones should not remain together,Film / series on-screen observation; external corroboration not independently completed,,potential spoiler
1,Thor: The Dark World,14,Cross-film connection,Thor returns to Earth to reunite with Jane,Film / series on-screen observation; external corroboration not independently completed,,potential spoiler
1,Thor: The Dark World,15,Cross-film connection,Endgame revisits the day of the Aether's removal,Film / series on-screen observation; external corroboration not independently completed,,potential spoiler
1,Thor: The Dark World,16,On-screen detail,Endgame's Thor speaks with Frigga during the time heist,Film / series on-screen observation; external corroboration not independently completed,,potential spoiler
1,Thor: The Dark World,17,On-screen detail,Rocket extracts the Aether from Jane in Endgame,Film / series on-screen observation; external corroboration not independently completed,,potential spoiler
1,Thor: The Dark World,18,Cross-film connection,The Aether's confinement recalls the Tesseract's containment,Film / series on-screen observation; external corroboration not independently completed,,potential spoiler
1,Thor: The Dark World,19,On-screen detail,Thor refuses the throne when Odin is actually Loki,Film / series on-screen observation; external corroboration not independently completed,,potential spoiler
1,Thor: The Dark World,20,On-screen detail,This is the first MCU feature directed by Alan Taylor,Film / series on-screen observation; external corroboration not independently completed,,potential spoiler
1,Captain America: The Winter Soldier,1,On-screen detail,The film reveals HYDRA's long infiltration of S.H.I.E.L.D.,Film / series on-screen observation; external corroboration not independently completed,,potential spoiler
1,Captain America: The Winter Soldier,2,On-screen detail,Arnim Zola survives as a consciousness stored in computers,Film / series on-screen observation; external corroboration not independently completed,,potential spoiler
1,Captain America: The Winter Soldier,3,On-screen detail,The Lemurian Star operation introduces Steve's distrust,Film / series on-screen observation; external corroboration not independently completed,,potential spoiler
1,Captain America: The Winter Soldier,4,On-screen detail,Sam Wilson introduces himself during Steve's running laps,Film / series on-screen observation; external corroboration not independently completed,,potential spoiler
1,Captain America: The Winter Soldier,5,Cross-film connection,The 'on your left' running gag returns in Endgame,Film / series on-screen observation; external corroboration not independently completed,,potential spoiler
1,Captain America: The Winter Soldier,6,On-screen detail,Bucky Barnes is identified as the Winter Soldier,Film / series on-screen observation; external corroboration not independently completed,,potential spoiler
1,Captain America: The Winter Soldier,7,On-screen detail,Bucky's metal arm connects him to HYDRA's experimentation,Film / series on-screen observation; external corroboration not independently completed,,potential spoiler
1,Captain America: The Winter Soldier,8,On-screen detail,Natasha's leaked S.H.I.E.L.D. files transform the MCU's political landscape,Film / series on-screen observation; external corroboration not independently completed,,potential spoiler
1,Captain America: The Winter Soldier,9,On-screen detail,Nick Fury fakes his death,Film / series on-screen observation; external corroboration not independently completed,,potential spoiler
1,Captain America: The Winter Soldier,10,On-screen detail,Alexander Pierce is played by Robert Redford,Film / series on-screen observation; external corroboration not independently completed,,potential spoiler
1,Captain America: The Winter Soldier,11,On-screen detail,Project Insight uses weaponized helicarriers,Film / series on-screen observation; external corroboration not independently completed,,potential spoiler
1,Captain America: The Winter Soldier,12,On-screen detail,The Senate hearing senator from Iron Man 2 is exposed as HYDRA-linked,Film / series on-screen observation; external corroboration not independently completed,,potential spoiler
1,Captain America: The Winter Soldier,13,On-screen detail,The film establishes Sharon Carter as Agent 13,Film / series on-screen observation; external corroboration not independently completed,,potential spoiler
1,Captain America: The Winter Soldier,14,On-screen detail,"Peggy Carter is shown elderly, maintaining Steve's personal history",Film / series on-screen observation; external corroboration not independently completed,,potential spoiler
1,Captain America: The Winter Soldier,15,On-screen detail,The Apple Store sequence uses the real-world Genius Bar gag,Film / series on-screen observation; external corroboration not independently completed,,potential spoiler
1,Captain America: The Winter Soldier,16,Post-credit connection,The post-credits scene teases Wanda and Pietro Maximoff,Film / series on-screen observation; external corroboration not independently completed,,potential spoiler
1,Captain America: The Winter Soldier,17,Post-credit connection,That post-credits scene also shows Loki's scepter in HYDRA custody,Film / series on-screen observation; external corroboration not independently completed,,potential spoiler
1,Captain America: The Winter Soldier,18,Easter egg / reference,Batroc is adapted from a comic-book mercenary,Film / series on-screen observation; external corroboration not independently completed,,potential spoiler
1,Captain America: The Winter Soldier,19,On-screen detail,Steve refuses to fight Bucky at the climax,Film / series on-screen observation; external corroboration not independently completed,,potential spoiler
1,Captain America: The Winter Soldier,20,On-screen detail,The final museum visit highlights Bucky's erased history,Film / series on-screen observation; external corroboration not independently completed,,potential spoiler
1,Guardians of the Galaxy,1,On-screen detail,Peter Quill uses a mixtape of songs from his mother,Film / series on-screen observation; external corroboration not independently completed,,potential spoiler
1,Guardians of the Galaxy,2,On-screen detail,The Walkman and cassette recur as emotional objects,Film / series on-screen observation; external corroboration not independently completed,,potential spoiler
1,Guardians of the Galaxy,3,On-screen detail,The opening dance sequence introduces Quill's irreverent tone,Film / series on-screen observation; external corroboration not independently completed,,potential spoiler
1,Guardians of the Galaxy,4,On-screen detail,The Orb contains the Power Stone,Film / series on-screen observation; external corroboration not independently completed,,potential spoiler
1,Guardians of the Galaxy,5,On-screen detail,The Collector explains the Infinity Stones' cosmic significance,Film / series on-screen observation; external corroboration not independently completed,,potential spoiler
1,Guardians of the Galaxy,6,On-screen detail,Thanos appears with Ronan and Nebula,Film / series on-screen observation; external corroboration not independently completed,,potential spoiler
1,Guardians of the Galaxy,7,On-screen detail,Gamora and Nebula are introduced as Thanos's daughters,Film / series on-screen observation; external corroboration not independently completed,,potential spoiler
1,Guardians of the Galaxy,8,On-screen detail,The Nova Corps protects Xandar,Film / series on-screen observation; external corroboration not independently completed,,potential spoiler
1,Guardians of the Galaxy,9,On-screen detail,Knowhere is built inside a severed Celestial head,Film / series on-screen observation; external corroboration not independently completed,,potential spoiler
1,Guardians of the Galaxy,10,Post-credit connection,Howard the Duck appears in the Collector's post-credit scene,Film / series on-screen observation; external corroboration not independently completed,,potential spoiler
1,Guardians of the Galaxy,11,On-screen detail,Cosmo the space dog appears in the Collector's collection,Film / series on-screen observation; external corroboration not independently completed,,potential spoiler
1,Guardians of the Galaxy,12,On-screen detail,The film includes a small appearance from Lloyd Kaufman,Film / series on-screen observation; external corroboration not independently completed,,potential spoiler
1,Guardians of the Galaxy,13,On-screen detail,"Groot repeatedly speaks the same phrase, with contextual meaning",Film / series on-screen observation; external corroboration not independently completed,,potential spoiler
1,Guardians of the Galaxy,14,On-screen detail,Baby Groot dances at the end,Film / series on-screen observation; external corroboration not independently completed,,potential spoiler
1,Guardians of the Galaxy,15,On-screen detail,Ronan wields the Kree weapon Universal Weapon,Film / series on-screen observation; external corroboration not independently completed,,potential spoiler
1,Guardians of the Galaxy,16,On-screen detail,Yondu is revealed as Quill's Ravager captor,Film / series on-screen observation; external corroboration not independently completed,,potential spoiler
1,Guardians of the Galaxy,17,On-screen detail,The Guardians join hands to contain the Power Stone,Film / series on-screen observation; external corroboration not independently completed,,potential spoiler
1,Guardians of the Galaxy,18,On-screen detail,The Power Stone later figures into Infinity War,Film / series on-screen observation; external corroboration not independently completed,,potential spoiler
1,Guardians of the Galaxy,19,On-screen detail,Quill's mother calls him Star-Lord in her final letter,Film / series on-screen observation; external corroboration not independently completed,,potential spoiler
1,Guardians of the Galaxy,20,On-screen detail,The opening abduction leads into the sequel's Ego revelation,Film / series on-screen observation; external corroboration not independently completed,,potential spoiler
1,Avengers: Age of Ultron,1,Cross-film connection,Loki's scepter returns from The Avengers,Film / series on-screen observation; external corroboration not independently completed,,potential spoiler
1,Avengers: Age of Ultron,2,On-screen detail,The scepter contains the Mind Stone,Film / series on-screen observation; external corroboration not independently completed,,potential spoiler
1,Avengers: Age of Ultron,3,On-screen detail,Wanda and Pietro were experimented on using the scepter,Film / series on-screen observation; external corroboration not independently completed,,potential spoiler
1,Avengers: Age of Ultron,4,On-screen detail,Tony and Bruce create Ultron using AI research,Film / series on-screen observation; external corroboration not independently completed,,potential spoiler
1,Avengers: Age of Ultron,5,On-screen detail,Ultron inhabits several mechanical bodies,Film / series on-screen observation; external corroboration not independently completed,,potential spoiler
1,Avengers: Age of Ultron,6,On-screen detail,JARVIS is used to create Vision,Film / series on-screen observation; external corroboration not independently completed,,potential spoiler
1,Avengers: Age of Ultron,7,On-screen detail,Vision's forehead houses the Mind Stone,Film / series on-screen observation; external corroboration not independently completed,,potential spoiler
1,Avengers: Age of Ultron,8,On-screen detail,"Vision lifts Mjolnir, resolving the team's party joke",Film / series on-screen observation; external corroboration not independently completed,,potential spoiler
1,Avengers: Age of Ultron,9,Cross-film connection,"Steve almost moves Mjolnir at the party, foreshadowing Endgame",Film / series on-screen observation; external corroboration not independently completed,,potential spoiler
1,Avengers: Age of Ultron,10,On-screen detail,The Sokovia catastrophe helps motivate the Sokovia Accords,Film / series on-screen observation; external corroboration not independently completed,,potential spoiler
1,Avengers: Age of Ultron,11,On-screen detail,Wanda first appears as an antagonist before joining the Avengers,Film / series on-screen observation; external corroboration not independently completed,,potential spoiler
1,Avengers: Age of Ultron,12,On-screen detail,Pietro dies shielding Hawkeye and a child,Film / series on-screen observation; external corroboration not independently completed,,potential spoiler
1,Avengers: Age of Ultron,13,On-screen detail,Hawkeye reveals his secret family farm,Film / series on-screen observation; external corroboration not independently completed,,potential spoiler
1,Avengers: Age of Ultron,14,Cross-film connection,Clint's family returns in Infinity War and Hawkeye,Film / series on-screen observation; external corroboration not independently completed,,potential spoiler
1,Avengers: Age of Ultron,15,On-screen detail,The film introduces Ulysses Klaue and Wakandan vibranium,Film / series on-screen observation; external corroboration not independently completed,,potential spoiler
1,Avengers: Age of Ultron,16,Cross-film connection,Klaue later returns in Black Panther,Film / series on-screen observation; external corroboration not independently completed,,potential spoiler
1,Avengers: Age of Ultron,17,On-screen detail,The Avengers fight the Hulk in Tony's Hulkbuster armor,Film / series on-screen observation; external corroboration not independently completed,,potential spoiler
1,Avengers: Age of Ultron,18,On-screen detail,"The film introduces Helen Cho, an expert in synthetic tissue",Film / series on-screen observation; external corroboration not independently completed,,potential spoiler
1,Avengers: Age of Ultron,19,Post-credit connection,Thanos takes the Infinity Gauntlet in the mid-credits scene,Film / series on-screen observation; external corroboration not independently completed,,potential spoiler
1,Avengers: Age of Ultron,20,On-screen detail,Tony's fear of Earth being invaded drives the Ultron project,Film / series on-screen observation; external corroboration not independently completed,,potential spoiler
1,Ant-Man,1,On-screen detail,Scott Lang serves time for a nonviolent burglary against VistaCorp,Film / series on-screen observation; external corroboration not independently completed,,potential spoiler
1,Ant-Man,2,Cross-film connection,Hank Pym previously worked with S.H.I.E.L.D.,Film / series on-screen observation; external corroboration not independently completed,,potential spoiler
1,Ant-Man,3,On-screen detail,A flashback shows an older Howard Stark and Peggy Carter,Film / series on-screen observation; external corroboration not independently completed,,potential spoiler
1,Ant-Man,4,On-screen detail,Hank's feud with Darren Cross produces the Yellowjacket suit,Film / series on-screen observation; external corroboration not independently completed,,potential spoiler
1,Ant-Man,5,On-screen detail,The Pym Particle changes Scott's size while retaining impressive force,Film / series on-screen observation; external corroboration not independently completed,,potential spoiler
1,Ant-Man,6,On-screen detail,Scott's daughter Cassie becomes a recurring MCU character,Film / series on-screen observation; external corroboration not independently completed,,potential spoiler
1,Ant-Man,7,On-screen detail,Hope van Dyne is trained in combat,Film / series on-screen observation; external corroboration not independently completed,,potential spoiler
1,Ant-Man,8,Post-credit connection,The Wasp suit appears in the mid-credits scene,Film / series on-screen observation; external corroboration not independently completed,,potential spoiler
1,Ant-Man,9,On-screen detail,Janet van Dyne is believed lost in the Quantum Realm,Film / series on-screen observation; external corroboration not independently completed,,potential spoiler
1,Ant-Man,10,On-screen detail,Scott briefly enters the Quantum Realm while fighting Yellowjacket,Film / series on-screen observation; external corroboration not independently completed,,potential spoiler
1,Ant-Man,11,On-screen detail,The Quantum Realm later powers the Endgame time-heist premise,Film / series on-screen observation; external corroboration not independently completed,,potential spoiler
1,Ant-Man,12,On-screen detail,Scott fights Falcon at the Avengers compound,Film / series on-screen observation; external corroboration not independently completed,,potential spoiler
1,Ant-Man,13,On-screen detail,That fight establishes Scott's link to Civil War,Film / series on-screen observation; external corroboration not independently completed,,potential spoiler
1,Ant-Man,14,On-screen detail,Luis delivers rapid-fire stories through stylized voiceover,Film / series on-screen observation; external corroboration not independently completed,,potential spoiler
1,Ant-Man,15,On-screen detail,Luis's van later carries a quantum tunnel in Endgame,Film / series on-screen observation; external corroboration not independently completed,,potential spoiler
1,Ant-Man,16,Cross-film connection,The van's distinctive horn becomes an Endgame callback,Film / series on-screen observation; external corroboration not independently completed,,potential spoiler
1,Ant-Man,17,Cross-film connection,"Garrett Morris makes a cameo, recalling his early SNL Ant-Man portrayal",Film / series on-screen observation; external corroboration not independently completed,,potential spoiler
1,Ant-Man,18,On-screen detail,The Yellowjacket fight uses a child's Thomas the Tank Engine toy,Film / series on-screen observation; external corroboration not independently completed,,potential spoiler
1,Ant-Man,19,Post-credit connection,The film's post-credits tag previews Civil War with Bucky,Film / series on-screen observation; external corroboration not independently completed,,potential spoiler
1,Ant-Man,20,On-screen detail,Stan Lee appears in Luis's narrated story,Film / series on-screen observation; external corroboration not independently completed,,potential spoiler
1,Captain America: Civil War,1,On-screen detail,The Sokovia Accords respond to destruction across prior MCU films,Film / series on-screen observation; external corroboration not independently completed,,potential spoiler
1,Captain America: Civil War,2,On-screen detail,The opening Lagos disaster adds pressure for oversight,Film / series on-screen observation; external corroboration not independently completed,,potential spoiler
1,Captain America: Civil War,3,On-screen detail,Zemo exploits fractures among the Avengers without superpowers,Film / series on-screen observation; external corroboration not independently completed,,potential spoiler
1,Captain America: Civil War,4,On-screen detail,The Winter Soldier is framed for a bombing,Film / series on-screen observation; external corroboration not independently completed,,potential spoiler
1,Captain America: Civil War,5,On-screen detail,"King T'Chaka is killed, propelling T'Challa's story",Film / series on-screen observation; external corroboration not independently completed,,potential spoiler
1,Captain America: Civil War,6,On-screen detail,T'Challa first appears as Black Panther,Film / series on-screen observation; external corroboration not independently completed,,potential spoiler
1,Captain America: Civil War,7,On-screen detail,Peter Parker first appears in an MCU film,Film / series on-screen observation; external corroboration not independently completed,,potential spoiler
1,Captain America: Civil War,8,On-screen detail,Tony recruits Peter and provides an upgraded suit,Film / series on-screen observation; external corroboration not independently completed,,potential spoiler
1,Captain America: Civil War,9,On-screen detail,Scott Lang becomes Giant-Man during the airport battle,Film / series on-screen observation; external corroboration not independently completed,,potential spoiler
1,Captain America: Civil War,10,On-screen detail,The airport battle divides Team Cap and Team Iron Man,Film / series on-screen observation; external corroboration not independently completed,,potential spoiler
1,Captain America: Civil War,11,On-screen detail,Vision accidentally injures Rhodey,Film / series on-screen observation; external corroboration not independently completed,,potential spoiler
1,Captain America: Civil War,12,On-screen detail,Wanda's confinement follows public fear about her powers,Film / series on-screen observation; external corroboration not independently completed,,potential spoiler
1,Captain America: Civil War,13,On-screen detail,The film reveals that HYDRA-controlled Bucky killed Tony's parents,Film / series on-screen observation; external corroboration not independently completed,,potential spoiler
1,Captain America: Civil War,14,On-screen detail,Howard and Maria Stark's deaths are tied to The Winter Soldier,Film / series on-screen observation; external corroboration not independently completed,,potential spoiler
1,Captain America: Civil War,15,On-screen detail,Steve knows about the circumstances of the Starks' murder,Film / series on-screen observation; external corroboration not independently completed,,potential spoiler
1,Captain America: Civil War,16,On-screen detail,The climactic fight takes place at a Siberian HYDRA facility,Film / series on-screen observation; external corroboration not independently completed,,potential spoiler
1,Captain America: Civil War,17,On-screen detail,Steve gives up the shield after Tony calls it his father's property,Film / series on-screen observation; external corroboration not independently completed,,potential spoiler
1,Captain America: Civil War,18,Post-credit connection,The film's post-credit scene places Bucky in Wakanda,Film / series on-screen observation; external corroboration not independently completed,,potential spoiler
1,Captain America: Civil War,19,Post-credit connection,Another post-credit scene teases Peter's Spider-Signal,Film / series on-screen observation; external corroboration not independently completed,,potential spoiler
1,Captain America: Civil War,20,Cross-film connection,Zemo's reading of the Winter Soldier activation words returns in The Falcon and the Winter Soldier,Film / series on-screen observation; external corroboration not independently completed,,potential spoiler
1,Doctor Strange,1,On-screen detail,The film introduces the Masters of the Mystic Arts,Film / series on-screen observation; external corroboration not independently completed,,potential spoiler
1,Doctor Strange,2,On-screen detail,Stephen Strange trains under the Ancient One,Film / series on-screen observation; external corroboration not independently completed,,potential spoiler
1,Doctor Strange,3,On-screen detail,Kamar-Taj links the real world to mystical dimensions,Film / series on-screen observation; external corroboration not independently completed,,potential spoiler
1,Doctor Strange,4,On-screen detail,The Eye of Agamotto houses the Time Stone,Film / series on-screen observation; external corroboration not independently completed,,potential spoiler
1,Doctor Strange,5,On-screen detail,Strange learns to manipulate time using the Eye,Film / series on-screen observation; external corroboration not independently completed,,potential spoiler
1,Doctor Strange,6,On-screen detail,A moving mirror dimension bends New York's architecture,Film / series on-screen observation; external corroboration not independently completed,,potential spoiler
1,Doctor Strange,7,On-screen detail,Dormammu rules the Dark Dimension,Film / series on-screen observation; external corroboration not independently completed,,potential spoiler
1,Doctor Strange,8,On-screen detail,Strange bargains with Dormammu inside a time loop,Film / series on-screen observation; external corroboration not independently completed,,potential spoiler
1,Doctor Strange,9,On-screen detail,The Sanctums protect Earth from interdimensional threats,Film / series on-screen observation; external corroboration not independently completed,,potential spoiler
1,Doctor Strange,10,Cross-film connection,The New York Sanctum returns in Infinity War and No Way Home,Film / series on-screen observation; external corroboration not independently completed,,potential spoiler
1,Doctor Strange,11,On-screen detail,Wong becomes Strange's ally,Film / series on-screen observation; external corroboration not independently completed,,potential spoiler
1,Doctor Strange,12,On-screen detail,Christine Palmer anchors Strange's pre-magic life,Film / series on-screen observation; external corroboration not independently completed,,potential spoiler
1,Doctor Strange,13,On-screen detail,The Ancient One's use of Dark Dimension energy exposes a contradiction,Film / series on-screen observation; external corroboration not independently completed,,potential spoiler
1,Doctor Strange,14,On-screen detail,Kaecilius serves Dormammu,Film / series on-screen observation; external corroboration not independently completed,,potential spoiler
1,Doctor Strange,15,On-screen detail,The Cloak of Levitation chooses Strange,Film / series on-screen observation; external corroboration not independently completed,,potential spoiler
1,Doctor Strange,16,Post-credit connection,The post-credit scene shows Strange interviewing Thor,Film / series on-screen observation; external corroboration not independently completed,,potential spoiler
1,Doctor Strange,17,Cross-film connection,Thor: Ragnarok revisits that meeting from Thor's perspective,Film / series on-screen observation; external corroboration not independently completed,,potential spoiler
1,Doctor Strange,18,Post-credit connection,The mid-credits tag shows Mordo turning against other sorcerers,Film / series on-screen observation; external corroboration not independently completed,,potential spoiler
1,Doctor Strange,19,Easter egg / reference,Strange's damaged hands remain a motif after he learns magic,Film / series on-screen observation; external corroboration not independently completed,,potential spoiler
1,Doctor Strange,20,On-screen detail,His future-looking use of the Time Stone becomes central to Infinity War,Film / series on-screen observation; external corroboration not independently completed,,potential spoiler
1,Guardians of the Galaxy Vol. 2,1,On-screen detail,The opening battle uses Baby Groot's dancing as a visual joke,Film / series on-screen observation; external corroboration not independently completed,,potential spoiler
1,Guardians of the Galaxy Vol. 2,2,On-screen detail,Ego is Peter Quill's biological father,Film / series on-screen observation; external corroboration not independently completed,,potential spoiler
1,Guardians of the Galaxy Vol. 2,3,Easter egg / reference,Ego's living-planet concept is adapted from Marvel Comics,Film / series on-screen observation; external corroboration not independently completed,,potential spoiler
1,Guardians of the Galaxy Vol. 2,4,Easter egg / reference,Kurt Russell portrays Ego's human avatar,Film / series on-screen observation; external corroboration not independently completed,,potential spoiler
1,Guardians of the Galaxy Vol. 2,5,On-screen detail,Mantis is introduced as Ego's companion,Film / series on-screen observation; external corroboration not independently completed,,potential spoiler
1,Guardians of the Galaxy Vol. 2,6,On-screen detail,Yondu is established as Quill's true parental figure,Film / series on-screen observation; external corroboration not independently completed,,potential spoiler
1,Guardians of the Galaxy Vol. 2,7,On-screen detail,Yondu's arrow is controlled by a whistle,Film / series on-screen observation; external corroboration not independently completed,,potential spoiler
1,Guardians of the Galaxy Vol. 2,8,On-screen detail,Kraglin attempts to learn to use Yondu's arrow,Film / series on-screen observation; external corroboration not independently completed,,potential spoiler
1,Guardians of the Galaxy Vol. 2,9,On-screen detail,The film reveals that Ego caused Meredith Quill's illness,Film / series on-screen observation; external corroboration not independently completed,,potential spoiler
1,Guardians of the Galaxy Vol. 2,10,On-screen detail,Ego's expansion threatens many worlds,Film / series on-screen observation; external corroboration not independently completed,,potential spoiler
1,Guardians of the Galaxy Vol. 2,11,On-screen detail,Nebula and Gamora confront their upbringing by Thanos,Film / series on-screen observation; external corroboration not independently completed,,potential spoiler
1,Guardians of the Galaxy Vol. 2,12,On-screen detail,The Ravager funeral honors Yondu,Film / series on-screen observation; external corroboration not independently completed,,potential spoiler
1,Guardians of the Galaxy Vol. 2,13,On-screen detail,Sylvester Stallone plays Stakar Ogord,Film / series on-screen observation; external corroboration not independently completed,,potential spoiler
1,Guardians of the Galaxy Vol. 2,14,Easter egg / reference,Other original Guardians from the comics appear among the Ravagers,Film / series on-screen observation; external corroboration not independently completed,,potential spoiler
1,Guardians of the Galaxy Vol. 2,15,On-screen detail,One tag shows Adam Warlock's birthing cocoon,Film / series on-screen observation; external corroboration not independently completed,,potential spoiler
1,Guardians of the Galaxy Vol. 2,16,On-screen detail,Adam Warlock subsequently appears in Guardians Vol. 3,Film / series on-screen observation; external corroboration not independently completed,,potential spoiler
1,Guardians of the Galaxy Vol. 2,17,On-screen detail,Peter replaces the damaged cassette player with a Zune,Film / series on-screen observation; external corroboration not independently completed,,potential spoiler
1,Guardians of the Galaxy Vol. 2,18,On-screen detail,The Zune becomes the Guardians' new music player,Film / series on-screen observation; external corroboration not independently completed,,potential spoiler
1,Guardians of the Galaxy Vol. 2,19,Easter egg / reference,Stan Lee speaks to Watchers during a cameo,Film / series on-screen observation; external corroboration not independently completed,,potential spoiler
1,Guardians of the Galaxy Vol. 2,20,Easter egg / reference,The Watchers reference cosmic observers from Marvel Comics,Film / series on-screen observation; external corroboration not independently completed,,potential spoiler
1,Spider-Man: Homecoming,1,On-screen detail,Peter's homemade suit is seen before the Stark upgrade,Film / series on-screen observation; external corroboration not independently completed,,potential spoiler
1,Spider-Man: Homecoming,2,Easter egg / reference,The opening references damage left by the Battle of New York,Film / series on-screen observation; external corroboration not independently completed,,potential spoiler
1,Spider-Man: Homecoming,3,On-screen detail,Adrian Toomes' salvage business loses its contract to Damage Control,Film / series on-screen observation; external corroboration not independently completed,,potential spoiler
1,Spider-Man: Homecoming,4,On-screen detail,Toomes reuses salvaged Chitauri technology,Film / series on-screen observation; external corroboration not independently completed,,potential spoiler
1,Spider-Man: Homecoming,5,On-screen detail,Damage Control links street-level crime to the Avengers' aftermath,Film / series on-screen observation; external corroboration not independently completed,,potential spoiler
1,Spider-Man: Homecoming,6,Cross-film connection,Peter's video diary revisits the Civil War airport battle,Film / series on-screen observation; external corroboration not independently completed,,potential spoiler
1,Spider-Man: Homecoming,7,On-screen detail,The Spider-Man suit features an AI Peter names Karen,Film / series on-screen observation; external corroboration not independently completed,,potential spoiler
1,Spider-Man: Homecoming,8,On-screen detail,Jennifer Connelly voices Karen,Film / series on-screen observation; external corroboration not independently completed,,potential spoiler
1,Spider-Man: Homecoming,9,On-screen detail,The school television features Captain America educational videos,Film / series on-screen observation; external corroboration not independently completed,,potential spoiler
1,Spider-Man: Homecoming,10,On-screen detail,A classroom background includes a drawing of Bruce Banner,Film / series on-screen observation; external corroboration not independently completed,,potential spoiler
1,Spider-Man: Homecoming,11,On-screen detail,The Washington Monument rescue involves a Chitauri-powered device,Film / series on-screen observation; external corroboration not independently completed,,potential spoiler
1,Spider-Man: Homecoming,12,On-screen detail,Peter tries to stop an arms deal on the Staten Island ferry,Film / series on-screen observation; external corroboration not independently completed,,potential spoiler
1,Spider-Man: Homecoming,13,On-screen detail,Iron Man saves the ferry after Peter's plan fails,Film / series on-screen observation; external corroboration not independently completed,,potential spoiler
1,Spider-Man: Homecoming,14,Easter egg / reference,Peter recreates a comics-style buried-under-rubble lifting moment,Film / series on-screen observation; external corroboration not independently completed,,potential spoiler
1,Spider-Man: Homecoming,15,On-screen detail,Toomes is revealed as Liz's father,Film / series on-screen observation; external corroboration not independently completed,,potential spoiler
1,Spider-Man: Homecoming,16,Post-credit connection,A post-credits scene shows Toomes protecting Peter's identity,Film / series on-screen observation; external corroboration not independently completed,,potential spoiler
1,Spider-Man: Homecoming,17,On-screen detail,Scorpion's civilian identity Mac Gargan is introduced,Film / series on-screen observation; external corroboration not independently completed,,potential spoiler
1,Spider-Man: Homecoming,18,On-screen detail,Happy Hogan continues as Tony's trusted assistant,Film / series on-screen observation; external corroboration not independently completed,,potential spoiler
1,Spider-Man: Homecoming,19,On-screen detail,Pepper Potts appears at the end as Tony's partner,Film / series on-screen observation; external corroboration not independently completed,,potential spoiler
1,Spider-Man: Homecoming,20,On-screen detail,The final shot reveals Aunt May discovering Peter's secret,Film / series on-screen observation; external corroboration not independently completed,,potential spoiler
1,Thor: Ragnarok,1,Post-credit connection,Doctor Strange's Thor cameo continues a Doctor Strange tag scene,Film / series on-screen observation; external corroboration not independently completed,,potential spoiler
1,Thor: Ragnarok,2,On-screen detail,Thor searches for Odin with Loki,Film / series on-screen observation; external corroboration not independently completed,,potential spoiler
1,Thor: Ragnarok,3,On-screen detail,Odin's passing releases Hela,Film / series on-screen observation; external corroboration not independently completed,,potential spoiler
1,Thor: Ragnarok,4,On-screen detail,Hela is Odin's firstborn and Thor's sister,Film / series on-screen observation; external corroboration not independently completed,,potential spoiler
1,Thor: Ragnarok,5,On-screen detail,Hela destroys Mjolnir,Film / series on-screen observation; external corroboration not independently completed,,potential spoiler
1,Thor: Ragnarok,6,On-screen detail,A fake Infinity Gauntlet is dismissed in Odin's vault,Film / series on-screen observation; external corroboration not independently completed,,potential spoiler
1,Thor: Ragnarok,7,Easter egg / reference,The stage play includes an actor portraying Loki,Film / series on-screen observation; external corroboration not independently completed,,potential spoiler
1,Thor: Ragnarok,8,On-screen detail,Matt Damon appears as the actor playing Loki,Film / series on-screen observation; external corroboration not independently completed,,potential spoiler
1,Thor: Ragnarok,9,On-screen detail,Luke Hemsworth appears as the actor playing Thor,Film / series on-screen observation; external corroboration not independently completed,,potential spoiler
1,Thor: Ragnarok,10,On-screen detail,Sam Neill appears as the actor playing Odin,Film / series on-screen observation; external corroboration not independently completed,,potential spoiler
1,Thor: Ragnarok,11,On-screen detail,The Sakaar tower features likenesses of past champions,Film / series on-screen observation; external corroboration not independently completed,,potential spoiler
1,Thor: Ragnarok,12,On-screen detail,Beta Ray Bill's likeness appears on the Grandmaster's tower,Film / series on-screen observation; external corroboration not independently completed,,potential spoiler
1,Thor: Ragnarok,13,On-screen detail,The Hulk has been living on Sakaar since Age of Ultron,Film / series on-screen observation; external corroboration not independently completed,,potential spoiler
1,Thor: Ragnarok,14,Cross-film connection,Bruce Banner returns after two years as Hulk,Film / series on-screen observation; external corroboration not independently completed,,potential spoiler
1,Thor: Ragnarok,15,On-screen detail,Valkyrie is introduced as a former Asgardian warrior,Film / series on-screen observation; external corroboration not independently completed,,potential spoiler
1,Thor: Ragnarok,16,On-screen detail,Korg and Miek become recurring characters,Film / series on-screen observation; external corroboration not independently completed,,potential spoiler
1,Thor: Ragnarok,17,On-screen detail,Thor loses an eye in the battle with Hela,Film / series on-screen observation; external corroboration not independently completed,,potential spoiler
1,Thor: Ragnarok,18,On-screen detail,"Surtur's fire brings Ragnarok, defeating Hela",Film / series on-screen observation; external corroboration not independently completed,,potential spoiler
1,Thor: Ragnarok,19,Post-credit connection,The post-credits Asgardian ship is intercepted by Thanos,Film / series on-screen observation; external corroboration not independently completed,,potential spoiler
1,Thor: Ragnarok,20,On-screen detail,The destroyed Asgard storyline continues at Infinity War's opening,Film / series on-screen observation; external corroboration not independently completed,,potential spoiler
1,Black Panther,1,On-screen detail,T'Challa succeeds T'Chaka after Civil War,Film / series on-screen observation; external corroboration not independently completed,,potential spoiler
1,Black Panther,2,On-screen detail,The heart-shaped herb grants the Black Panther abilities,Film / series on-screen observation; external corroboration not independently completed,,potential spoiler
1,Black Panther,3,On-screen detail,The ancestral plane connects T'Challa to previous Wakandan rulers,Film / series on-screen observation; external corroboration not independently completed,,potential spoiler
1,Black Panther,4,Cross-film connection,Klaue returns after Age of Ultron,Film / series on-screen observation; external corroboration not independently completed,,potential spoiler
1,Black Panther,5,Cross-film connection,Klaue's prosthetic sonic weapon recalls his comic-book name Klaw,Film / series on-screen observation; external corroboration not independently completed,,potential spoiler
1,Black Panther,6,On-screen detail,Killmonger's father N'Jobu was T'Chaka's brother,Film / series on-screen observation; external corroboration not independently completed,,potential spoiler
1,Black Panther,7,On-screen detail,Killmonger's Oakland upbringing contrasts with Wakanda,Film / series on-screen observation; external corroboration not independently completed,,potential spoiler
1,Black Panther,8,On-screen detail,Killmonger challenges T'Challa's claim to the throne,Film / series on-screen observation; external corroboration not independently completed,,potential spoiler
1,Black Panther,9,On-screen detail,Shuri runs Wakanda's advanced science program,Film / series on-screen observation; external corroboration not independently completed,,potential spoiler
1,Black Panther,10,On-screen detail,Okoye leads the Dora Milaje,Film / series on-screen observation; external corroboration not independently completed,,potential spoiler
1,Black Panther,11,On-screen detail,Nakia works as a Wakandan undercover operative,Film / series on-screen observation; external corroboration not independently completed,,potential spoiler
1,Black Panther,12,On-screen detail,M'Baku leads the Jabari tribe,Film / series on-screen observation; external corroboration not independently completed,,potential spoiler
1,Black Panther,13,On-screen detail,Vibranium powers Wakanda's technology and weapons,Film / series on-screen observation; external corroboration not independently completed,,potential spoiler
1,Black Panther,14,On-screen detail,The waterfall challenge establishes the succession ritual,Film / series on-screen observation; external corroboration not independently completed,,potential spoiler
1,Black Panther,15,On-screen detail,The film uses the two Black Panther suits as visual opposites,Film / series on-screen observation; external corroboration not independently completed,,potential spoiler
1,Black Panther,16,Post-credit connection,Bucky appears in Wakanda in the post-credits scene,Film / series on-screen observation; external corroboration not independently completed,,potential spoiler
1,Black Panther,17,On-screen detail,Shuri is shown helping Bucky recover after Civil War,Film / series on-screen observation; external corroboration not independently completed,,potential spoiler
1,Black Panther,18,On-screen detail,T'Challa opens Wakanda to international cooperation,Film / series on-screen observation; external corroboration not independently completed,,potential spoiler
1,Black Panther,19,On-screen detail,The Oakland outreach center closes the film's family-history loop,Film / series on-screen observation; external corroboration not independently completed,,potential spoiler
1,Black Panther,20,On-screen detail,Wakanda later serves as a major battlefield in Infinity War,Film / series on-screen observation; external corroboration not independently completed,,potential spoiler
1,Avengers: Infinity War,1,Cross-film connection,The opening continues from Ragnarok's Asgardian ship interception,Film / series on-screen observation; external corroboration not independently completed,,potential spoiler
1,Avengers: Infinity War,2,On-screen detail,Heimdall sends Hulk to Earth through the Bifrost,Film / series on-screen observation; external corroboration not independently completed,,potential spoiler
1,Avengers: Infinity War,3,On-screen detail,Loki gives up the Tesseract to save Thor,Film / series on-screen observation; external corroboration not independently completed,,potential spoiler
1,Avengers: Infinity War,4,On-screen detail,The Tesseract is broken to reveal the Space Stone,Film / series on-screen observation; external corroboration not independently completed,,potential spoiler
1,Avengers: Infinity War,5,On-screen detail,Thanos already possesses the Power Stone after attacking Xandar,Film / series on-screen observation; external corroboration not independently completed,,potential spoiler
1,Avengers: Infinity War,6,On-screen detail,Doctor Strange wears the Time Stone in the Eye of Agamotto,Film / series on-screen observation; external corroboration not independently completed,,potential spoiler
1,Avengers: Infinity War,7,On-screen detail,Vision carries the Mind Stone in his forehead,Film / series on-screen observation; external corroboration not independently completed,,potential spoiler
1,Avengers: Infinity War,8,On-screen detail,Wanda struggles with the possibility of destroying Vision's stone,Film / series on-screen observation; external corroboration not independently completed,,potential spoiler
1,Avengers: Infinity War,9,On-screen detail,Shuri attempts to separate Vision from the Mind Stone,Film / series on-screen observation; external corroboration not independently completed,,potential spoiler
1,Avengers: Infinity War,10,On-screen detail,The Guardians first encounter Thor in space,Film / series on-screen observation; external corroboration not independently completed,,potential spoiler
1,Avengers: Infinity War,11,On-screen detail,Peter Quill and Thor compete humorously for leadership,Film / series on-screen observation; external corroboration not independently completed,,potential spoiler
1,Avengers: Infinity War,12,On-screen detail,Eitri forged Stormbreaker for Thor,Film / series on-screen observation; external corroboration not independently completed,,potential spoiler
1,Avengers: Infinity War,13,On-screen detail,Rocket gives Thor a prosthetic eye,Film / series on-screen observation; external corroboration not independently completed,,potential spoiler
1,Avengers: Infinity War,14,On-screen detail,Gamora recognizes Vormir as the Soul Stone's location,Film / series on-screen observation; external corroboration not independently completed,,potential spoiler
1,Avengers: Infinity War,15,Cross-film connection,Red Skull returns as the Soul Stone's guardian,Film / series on-screen observation; external corroboration not independently completed,,potential spoiler
1,Avengers: Infinity War,16,On-screen detail,Thanos sacrifices Gamora to obtain the Soul Stone,Film / series on-screen observation; external corroboration not independently completed,,potential spoiler
1,Avengers: Infinity War,17,On-screen detail,Strange examines millions of possible futures,Film / series on-screen observation; external corroboration not independently completed,,potential spoiler
1,Avengers: Infinity War,18,On-screen detail,Strange surrenders the Time Stone to save Tony,Film / series on-screen observation; external corroboration not independently completed,,potential spoiler
1,Avengers: Infinity War,19,On-screen detail,The Snap removes half of all life in the universe,Film / series on-screen observation; external corroboration not independently completed,,potential spoiler
1,Avengers: Infinity War,20,On-screen detail,The tag shows Nick Fury paging Captain Marvel before disappearing,Film / series on-screen observation; external corroboration not independently completed,,potential spoiler
1,Ant-Man and the Wasp,1,On-screen detail,The story follows Scott's house arrest after Civil War,Film / series on-screen observation; external corroboration not independently completed,,potential spoiler
1,Ant-Man and the Wasp,2,On-screen detail,Hope van Dyne now operates as the Wasp,Film / series on-screen observation; external corroboration not independently completed,,potential spoiler
1,Ant-Man and the Wasp,3,On-screen detail,Janet van Dyne is recovered from the Quantum Realm,Film / series on-screen observation; external corroboration not independently completed,,potential spoiler
1,Ant-Man and the Wasp,4,On-screen detail,Hank and Hope build a portable quantum tunnel,Film / series on-screen observation; external corroboration not independently completed,,potential spoiler
1,Ant-Man and the Wasp,5,On-screen detail,"The Ghost is Ava Starr, destabilized at the molecular level",Film / series on-screen observation; external corroboration not independently completed,,potential spoiler
1,Ant-Man and the Wasp,6,On-screen detail,Bill Foster appears as Hank's former partner,Film / series on-screen observation; external corroboration not independently completed,,potential spoiler
1,Ant-Man and the Wasp,7,Easter egg / reference,Bill's comics identity is Goliath,Film / series on-screen observation; external corroboration not independently completed,,potential spoiler
1,Ant-Man and the Wasp,8,On-screen detail,Laurence Fishburne plays Bill Foster,Film / series on-screen observation; external corroboration not independently completed,,potential spoiler
1,Ant-Man and the Wasp,9,On-screen detail,The lab is shrunk to suitcase size,Film / series on-screen observation; external corroboration not independently completed,,potential spoiler
1,Ant-Man and the Wasp,10,On-screen detail,Luis's security business forms part of the plot,Film / series on-screen observation; external corroboration not independently completed,,potential spoiler
1,Ant-Man and the Wasp,11,On-screen detail,Scott's younger daughter Cassie encourages his heroism,Film / series on-screen observation; external corroboration not independently completed,,potential spoiler
1,Ant-Man and the Wasp,12,Post-credit connection,The post-credit scene sends Scott into the Quantum Realm,Film / series on-screen observation; external corroboration not independently completed,,potential spoiler
1,Ant-Man and the Wasp,13,On-screen detail,"Janet, Hank and Hope disappear during the Snap",Film / series on-screen observation; external corroboration not independently completed,,potential spoiler
1,Ant-Man and the Wasp,14,On-screen detail,Scott is stranded in the Quantum Realm when his team disappears,Film / series on-screen observation; external corroboration not independently completed,,potential spoiler
1,Ant-Man and the Wasp,15,Cross-film connection,Scott's return becomes the catalyst for Endgame's time heist,Film / series on-screen observation; external corroboration not independently completed,,potential spoiler
1,Ant-Man and the Wasp,16,Cross-film connection,The film revisits the idea of Janet surviving at subatomic scale,Film / series on-screen observation; external corroboration not independently completed,,potential spoiler
1,Ant-Man and the Wasp,17,On-screen detail,Michelle Pfeiffer plays Janet van Dyne,Film / series on-screen observation; external corroboration not independently completed,,potential spoiler
1,Ant-Man and the Wasp,18,On-screen detail,Ava's father Elihas Starr worked on experimental quantum technology,Film / series on-screen observation; external corroboration not independently completed,,potential spoiler
1,Ant-Man and the Wasp,19,On-screen detail,Sonny Burch pursues Hank's miniaturization technology,Film / series on-screen observation; external corroboration not independently completed,,potential spoiler
1,Ant-Man and the Wasp,20,Post-credit connection,The final post-credit shot includes a giant ant playing drums,Film / series on-screen observation; external corroboration not independently completed,,potential spoiler
1,Captain Marvel,1,On-screen detail,The story is set in the 1990s rather than the MCU's release-era present,Film / series on-screen observation; external corroboration not independently completed,,potential spoiler
1,Captain Marvel,2,On-screen detail,Carol Danvers first appears with erased memories as the Kree warrior Vers,Film / series on-screen observation; external corroboration not independently completed,,potential spoiler
1,Captain Marvel,3,On-screen detail,The Skrulls are initially framed as villains,Film / series on-screen observation; external corroboration not independently completed,,potential spoiler
1,Captain Marvel,4,On-screen detail,Talos is revealed as a refugee seeking his family,Film / series on-screen observation; external corroboration not independently completed,,potential spoiler
1,Captain Marvel,5,On-screen detail,Nick Fury is younger and lacks his eyepatch early in the film,Film / series on-screen observation; external corroboration not independently completed,,potential spoiler
1,Captain Marvel,6,On-screen detail,Fury loses an eye because of Goose the Flerken,Film / series on-screen observation; external corroboration not independently completed,,potential spoiler
1,Captain Marvel,7,On-screen detail,Goose is a Flerken resembling a house cat,Film / series on-screen observation; external corroboration not independently completed,,potential spoiler
1,Captain Marvel,8,On-screen detail,Goose swallows the Tesseract,Film / series on-screen observation; external corroboration not independently completed,,potential spoiler
1,Captain Marvel,9,On-screen detail,The Tesseract connects this prequel to The First Avenger and The Avengers,Film / series on-screen observation; external corroboration not independently completed,,potential spoiler
1,Captain Marvel,10,On-screen detail,Mar-Vell used the human alias Wendy Lawson,Film / series on-screen observation; external corroboration not independently completed,,potential spoiler
1,Captain Marvel,11,On-screen detail,Annette Bening plays both Lawson and the Supreme Intelligence's chosen image,Film / series on-screen observation; external corroboration not independently completed,,potential spoiler
1,Captain Marvel,12,On-screen detail,Maria Rambeau is Carol's friend and fellow pilot,Film / series on-screen observation; external corroboration not independently completed,,potential spoiler
1,Captain Marvel,13,On-screen detail,Monica Rambeau appears as Maria's daughter,Film / series on-screen observation; external corroboration not independently completed,,potential spoiler
1,Captain Marvel,14,Cross-film connection,Monica later appears in WandaVision and The Marvels,Film / series on-screen observation; external corroboration not independently completed,,potential spoiler
1,Captain Marvel,15,On-screen detail,Carol draws the Avengers name from her aircraft's call sign,Film / series on-screen observation; external corroboration not independently completed,,potential spoiler
1,Captain Marvel,16,On-screen detail,Ronan appears before his Guardians of the Galaxy conflict,Film / series on-screen observation; external corroboration not independently completed,,potential spoiler
1,Captain Marvel,17,On-screen detail,Korath appears before his Guardians of the Galaxy role,Film / series on-screen observation; external corroboration not independently completed,,potential spoiler
1,Captain Marvel,18,On-screen detail,Phil Coulson appears as a young S.H.I.E.L.D. agent,Film / series on-screen observation; external corroboration not independently completed,,potential spoiler
1,Captain Marvel,19,Post-credit connection,The mid-credits scene links Carol to the aftermath of Infinity War,Film / series on-screen observation; external corroboration not independently completed,,potential spoiler
1,Captain Marvel,20,Easter egg / reference,Stan Lee's cameo references his appearance in the film Mallrats,Film / series on-screen observation; external corroboration not independently completed,,potential spoiler
1,Avengers: Endgame,1,On-screen detail,The opening establishes the immediate aftermath of Infinity War's Snap,Film / series on-screen observation; external corroboration not independently completed,,potential spoiler
1,Avengers: Endgame,2,On-screen detail,Thor kills the retired Thanos after learning the Stones are destroyed,Film / series on-screen observation; external corroboration not independently completed,,potential spoiler
1,Avengers: Endgame,3,On-screen detail,Scott escapes the Quantum Realm after the van's rat activates equipment,Film / series on-screen observation; external corroboration not independently completed,,potential spoiler
1,Avengers: Endgame,4,On-screen detail,Scott's perceived five hours contrast with five outside years,Film / series on-screen observation; external corroboration not independently completed,,potential spoiler
1,Avengers: Endgame,5,Cross-film connection,The time heist revisits the Battle of New York,Film / series on-screen observation; external corroboration not independently completed,,potential spoiler
1,Avengers: Endgame,6,Easter egg / reference,The 2012 visit references Hulk's frustration with stairs,Film / series on-screen observation; external corroboration not independently completed,,potential spoiler
1,Avengers: Endgame,7,On-screen detail,"The 2012 Loki escapes with the Tesseract, setting up Loki",Film / series on-screen observation; external corroboration not independently completed,,potential spoiler
1,Avengers: Endgame,8,On-screen detail,The team visits 2013 Asgard during The Dark World,Film / series on-screen observation; external corroboration not independently completed,,potential spoiler
1,Avengers: Endgame,9,On-screen detail,Thor speaks with Frigga during the 2013 visit,Film / series on-screen observation; external corroboration not independently completed,,potential spoiler
1,Avengers: Endgame,10,On-screen detail,Rocket retrieves the Reality Stone from Jane,Film / series on-screen observation; external corroboration not independently completed,,potential spoiler
1,Avengers: Endgame,11,On-screen detail,Tony and Steve visit the 1970 S.H.I.E.L.D. facility,Film / series on-screen observation; external corroboration not independently completed,,potential spoiler
1,Avengers: Endgame,12,On-screen detail,Tony briefly talks with his father Howard,Film / series on-screen observation; external corroboration not independently completed,,potential spoiler
1,Avengers: Endgame,13,On-screen detail,Steve glimpses Peggy Carter in 1970,Film / series on-screen observation; external corroboration not independently completed,,potential spoiler
1,Avengers: Endgame,14,On-screen detail,Natasha sacrifices herself on Vormir,Film / series on-screen observation; external corroboration not independently completed,,potential spoiler
1,Avengers: Endgame,15,On-screen detail,Red Skull is again Vormir's guardian,Film / series on-screen observation; external corroboration not independently completed,,potential spoiler
1,Avengers: Endgame,16,Cross-film connection,"Steve lifts Mjolnir, paying off Age of Ultron's party test",Film / series on-screen observation; external corroboration not independently completed,,potential spoiler
1,Avengers: Endgame,17,On-screen detail,Sam's 'on your left' line pays off The Winter Soldier,Film / series on-screen observation; external corroboration not independently completed,,potential spoiler
1,Avengers: Endgame,18,On-screen detail,Tony repeats the 'I am Iron Man' line to defeat Thanos,Film / series on-screen observation; external corroboration not independently completed,,potential spoiler
1,Avengers: Endgame,19,On-screen detail,Steve passes his shield to Sam Wilson,Film / series on-screen observation; external corroboration not independently completed,,potential spoiler
1,Avengers: Endgame,20,On-screen detail,The closing dance fulfills Steve and Peggy's deferred promise,Film / series on-screen observation; external corroboration not independently completed,,potential spoiler
1,Spider-Man: Far From Home,1,Easter egg / reference,The film portrays everyday life after the Blip,Film / series on-screen observation; external corroboration not independently completed,,potential spoiler
1,Spider-Man: Far From Home,2,On-screen detail,Peter travels to Europe on a school trip,Film / series on-screen observation; external corroboration not independently completed,,potential spoiler
1,Spider-Man: Far From Home,3,On-screen detail,A tribute montage names Avengers lost in Endgame,Film / series on-screen observation; external corroboration not independently completed,,potential spoiler
1,Spider-Man: Far From Home,4,On-screen detail,Peter inherits Tony's E.D.I.T.H. technology,Film / series on-screen observation; external corroboration not independently completed,,potential spoiler
1,Spider-Man: Far From Home,5,On-screen detail,E.D.I.T.H. refers to Tony's enduring influence on Peter,Film / series on-screen observation; external corroboration not independently completed,,potential spoiler
1,Spider-Man: Far From Home,6,On-screen detail,Quentin Beck pretends to be a hero from an alternate Earth,Film / series on-screen observation; external corroboration not independently completed,,potential spoiler
1,Spider-Man: Far From Home,7,On-screen detail,Mysterio's elemental monsters are drone-supported illusions,Film / series on-screen observation; external corroboration not independently completed,,potential spoiler
1,Spider-Man: Far From Home,8,On-screen detail,Beck is a disgruntled former Stark employee,Film / series on-screen observation; external corroboration not independently completed,,potential spoiler
1,Spider-Man: Far From Home,9,On-screen detail,A flashback connects Beck to the B.A.R.F. demonstration in Civil War,Film / series on-screen observation; external corroboration not independently completed,,potential spoiler
1,Spider-Man: Far From Home,10,Cross-film connection,William Ginter Riva returns from Iron Man's technology team,Film / series on-screen observation; external corroboration not independently completed,,potential spoiler
1,Spider-Man: Far From Home,11,On-screen detail,The first Mysterio fight uses perception-bending fake environments,Film / series on-screen observation; external corroboration not independently completed,,potential spoiler
1,Spider-Man: Far From Home,12,On-screen detail,Peter creates a new suit using Stark technology,Film / series on-screen observation; external corroboration not independently completed,,potential spoiler
1,Spider-Man: Far From Home,13,On-screen detail,Happy Hogan assists Peter after Tony's death,Film / series on-screen observation; external corroboration not independently completed,,potential spoiler
1,Spider-Man: Far From Home,14,On-screen detail,Peter defeats the drones by relying on spider-sense,Film / series on-screen observation; external corroboration not independently completed,,potential spoiler
1,Spider-Man: Far From Home,15,Post-credit connection,J. K. Simmons returns as J. Jonah Jameson in the mid-credits scene,Film / series on-screen observation; external corroboration not independently completed,,potential spoiler
1,Spider-Man: Far From Home,16,On-screen detail,Jameson reveals Peter Parker's identity publicly,Film / series on-screen observation; external corroboration not independently completed,,potential spoiler
1,Spider-Man: Far From Home,17,On-screen detail,The Daily Bugle is reimagined as an online news outlet,Film / series on-screen observation; external corroboration not independently completed,,potential spoiler
1,Spider-Man: Far From Home,18,Post-credit connection,The post-credit scene reveals Fury and Hill were Skrulls,Film / series on-screen observation; external corroboration not independently completed,,potential spoiler
1,Spider-Man: Far From Home,19,On-screen detail,Talos was impersonating Fury during the trip,Film / series on-screen observation; external corroboration not independently completed,,potential spoiler
1,Spider-Man: Far From Home,20,On-screen detail,The real Fury is shown aboard a Skrull spacecraft,Film / series on-screen observation; external corroboration not independently completed,,potential spoiler
1,Black Widow,1,On-screen detail,The prologue shows Natasha's fake family operating in Ohio,Film / series on-screen observation; external corroboration not independently completed,,potential spoiler
1,Black Widow,2,On-screen detail,The early timeline falls between Civil War and Infinity War,Film / series on-screen observation; external corroboration not independently completed,,potential spoiler
1,Black Widow,3,On-screen detail,Natasha's sister figure Yelena Belova is introduced,Film / series on-screen observation; external corroboration not independently completed,,potential spoiler
1,Black Widow,4,On-screen detail,Alexei Shostakov operates as the Red Guardian,Film / series on-screen observation; external corroboration not independently completed,,potential spoiler
1,Black Widow,5,On-screen detail,Melina Vostokoff is connected to the Red Room program,Film / series on-screen observation; external corroboration not independently completed,,potential spoiler
1,Black Widow,6,On-screen detail,The Red Room controls its agents through chemical conditioning,Film / series on-screen observation; external corroboration not independently completed,,potential spoiler
1,Black Widow,7,On-screen detail,The antidote breaks the Widows' chemical conditioning,Film / series on-screen observation; external corroboration not independently completed,,potential spoiler
1,Black Widow,8,On-screen detail,Taskmaster is revealed to be Antonia Dreykov,Film / series on-screen observation; external corroboration not independently completed,,potential spoiler
1,Black Widow,9,On-screen detail,Taskmaster imitates fighting styles associated with other Avengers,Film / series on-screen observation; external corroboration not independently completed,,potential spoiler
1,Black Widow,10,Easter egg / reference,A Taskmaster fight references Captain America's shield movements,Film / series on-screen observation; external corroboration not independently completed,,potential spoiler
1,Black Widow,11,On-screen detail,Dreykov's pheromone lock prevents Natasha from attacking him,Film / series on-screen observation; external corroboration not independently completed,,potential spoiler
1,Black Widow,12,On-screen detail,Natasha breaks her own nose to bypass the pheromone lock,Film / series on-screen observation; external corroboration not independently completed,,potential spoiler
1,Black Widow,13,On-screen detail,Budapest is finally shown as part of Natasha's history with Clint,Film / series on-screen observation; external corroboration not independently completed,,potential spoiler
1,Black Widow,14,On-screen detail,Natasha and Yelena escape a prison with Alexei,Film / series on-screen observation; external corroboration not independently completed,,potential spoiler
1,Black Widow,15,On-screen detail,The Red Room is located in an airborne facility,Film / series on-screen observation; external corroboration not independently completed,,potential spoiler
1,Black Widow,16,On-screen detail,Natasha frees the other Black Widows,Film / series on-screen observation; external corroboration not independently completed,,potential spoiler
1,Black Widow,17,On-screen detail,Yelena receives Natasha's vest before Infinity War,Film / series on-screen observation; external corroboration not independently completed,,potential spoiler
1,Black Widow,18,On-screen detail,Natasha's vest in Infinity War reflects that gift,Film / series on-screen observation; external corroboration not independently completed,,potential spoiler
1,Black Widow,19,Post-credit connection,The post-credit scene takes place after Natasha's Endgame death,Film / series on-screen observation; external corroboration not independently completed,,potential spoiler
1,Black Widow,20,On-screen detail,"Valentina sends Yelena toward Clint Barton, setting up Hawkeye",Film / series on-screen observation; external corroboration not independently completed,,potential spoiler
1,Shang-Chi and the Legend of the Ten Rings,1,On-screen detail,The real Ten Rings organization expands the group named in Iron Man,Film / series on-screen observation; external corroboration not independently completed,,potential spoiler
1,Shang-Chi and the Legend of the Ten Rings,2,On-screen detail,Wenwu has possessed ten mystical rings for centuries,Film / series on-screen observation; external corroboration not independently completed,,potential spoiler
1,Shang-Chi and the Legend of the Ten Rings,3,On-screen detail,Wenwu explains that the name Mandarin was appropriated by others,Film / series on-screen observation; external corroboration not independently completed,,potential spoiler
1,Shang-Chi and the Legend of the Ten Rings,4,Cross-film connection,Trevor Slattery returns after impersonating the Mandarin in Iron Man 3,Film / series on-screen observation; external corroboration not independently completed,,potential spoiler
1,Shang-Chi and the Legend of the Ten Rings,5,On-screen detail,"Morris, the headless-furred creature, accompanies Trevor",Film / series on-screen observation; external corroboration not independently completed,,potential spoiler
1,Shang-Chi and the Legend of the Ten Rings,6,On-screen detail,The village of Ta Lo is accessible through a moving forest passage,Film / series on-screen observation; external corroboration not independently completed,,potential spoiler
1,Shang-Chi and the Legend of the Ten Rings,7,On-screen detail,Shang-Chi's sister Xialing runs an underground fight club,Film / series on-screen observation; external corroboration not independently completed,,potential spoiler
1,Shang-Chi and the Legend of the Ten Rings,8,On-screen detail,The Abomination appears in a fight with Wong,Film / series on-screen observation; external corroboration not independently completed,,potential spoiler
1,Shang-Chi and the Legend of the Ten Rings,9,Cross-film connection,The Abomination previously fought Hulk in The Incredible Hulk,Film / series on-screen observation; external corroboration not independently completed,,potential spoiler
1,Shang-Chi and the Legend of the Ten Rings,10,Post-credit connection,Wong appears in the post-credit examination of the rings,Film / series on-screen observation; external corroboration not independently completed,,potential spoiler
1,Shang-Chi and the Legend of the Ten Rings,11,On-screen detail,Bruce Banner appears in human form using a sling,Film / series on-screen observation; external corroboration not independently completed,,potential spoiler
1,Shang-Chi and the Legend of the Ten Rings,12,Post-credit connection,Captain Marvel also appears in the post-credit discussion,Film / series on-screen observation; external corroboration not independently completed,,potential spoiler
1,Shang-Chi and the Legend of the Ten Rings,13,On-screen detail,The rings emit a beacon whose destination is unresolved within the film,Film / series on-screen observation; external corroboration not independently completed,,potential spoiler
1,Shang-Chi and the Legend of the Ten Rings,14,On-screen detail,Katy learns archery during the Ta Lo battle,Film / series on-screen observation; external corroboration not independently completed,,potential spoiler
1,Shang-Chi and the Legend of the Ten Rings,15,On-screen detail,Wenwu's grief makes him susceptible to the Dweller-in-Darkness,Film / series on-screen observation; external corroboration not independently completed,,potential spoiler
1,Shang-Chi and the Legend of the Ten Rings,16,On-screen detail,The Great Protector dragon fights the supernatural invaders,Film / series on-screen observation; external corroboration not independently completed,,potential spoiler
1,Shang-Chi and the Legend of the Ten Rings,17,On-screen detail,The rings transfer from Wenwu to Shang-Chi,Film / series on-screen observation; external corroboration not independently completed,,potential spoiler
1,Shang-Chi and the Legend of the Ten Rings,18,On-screen detail,Xialing inherits the Ten Rings organization at the end,Film / series on-screen observation; external corroboration not independently completed,,potential spoiler
1,Shang-Chi and the Legend of the Ten Rings,19,On-screen detail,The bus fight establishes Shang-Chi's martial-arts skill,Film / series on-screen observation; external corroboration not independently completed,,potential spoiler
1,Shang-Chi and the Legend of the Ten Rings,20,Cross-film connection,The film's closing karaoke scene echoes Shang-Chi and Katy's ordinary friendship,Film / series on-screen observation; external corroboration not independently completed,,potential spoiler
1,Eternals,1,On-screen detail,The opening spans ancient human civilizations,Film / series on-screen observation; external corroboration not independently completed,,potential spoiler
1,Eternals,2,On-screen detail,The Eternals are sent to Earth by the Celestial Arishem,Film / series on-screen observation; external corroboration not independently completed,,potential spoiler
1,Eternals,3,On-screen detail,The Deviants evolve during the events of the film,Film / series on-screen observation; external corroboration not independently completed,,potential spoiler
1,Eternals,4,On-screen detail,Ajak leads the Eternals for much of their mission,Film / series on-screen observation; external corroboration not independently completed,,potential spoiler
1,Eternals,5,On-screen detail,Sersi's transformation powers become essential to the climax,Film / series on-screen observation; external corroboration not independently completed,,potential spoiler
1,Eternals,6,On-screen detail,Ikaris is revealed to have concealed the Celestial Emergence plan,Film / series on-screen observation; external corroboration not independently completed,,potential spoiler
1,Eternals,7,On-screen detail,The Emergence would destroy Earth to birth Tiamut,Film / series on-screen observation; external corroboration not independently completed,,potential spoiler
1,Eternals,8,On-screen detail,The Eternals combine powers through the Uni-Mind,Film / series on-screen observation; external corroboration not independently completed,,potential spoiler
1,Eternals,9,On-screen detail,Tiamut becomes a giant stone figure in the ocean,Film / series on-screen observation; external corroboration not independently completed,,potential spoiler
1,Eternals,10,On-screen detail,The giant figure is later discussed within the MCU in subsequent material,Film / series on-screen observation; external corroboration not independently completed,,potential spoiler
1,Eternals,11,On-screen detail,Kingo becomes a Bollywood star,Film / series on-screen observation; external corroboration not independently completed,,potential spoiler
1,Eternals,12,On-screen detail,Kumail Nanjiani plays Kingo,Film / series on-screen observation; external corroboration not independently completed,,potential spoiler
1,Eternals,13,On-screen detail,Phastos has built a family life on Earth,Film / series on-screen observation; external corroboration not independently completed,,potential spoiler
1,Eternals,14,On-screen detail,Druig has long influenced a human community,Film / series on-screen observation; external corroboration not independently completed,,potential spoiler
1,Eternals,15,On-screen detail,Makkari's speed is demonstrated in the final battle,Film / series on-screen observation; external corroboration not independently completed,,potential spoiler
1,Eternals,16,On-screen detail,Thena's memories reveal the concept of Mahd Wy'ry,Film / series on-screen observation; external corroboration not independently completed,,potential spoiler
1,Eternals,17,Post-credit connection,The mid-credits scene introduces Eros/Starfox,Film / series on-screen observation; external corroboration not independently completed,,potential spoiler
1,Eternals,18,On-screen detail,Pip the Troll accompanies Eros,Film / series on-screen observation; external corroboration not independently completed,,potential spoiler
1,Eternals,19,Post-credit connection,The second credits scene teases the Black Knight's Ebony Blade,Film / series on-screen observation; external corroboration not independently completed,,potential spoiler
1,Eternals,20,On-screen detail,An off-screen voice addressing Dane is identified as Blade by its performer,Film / series on-screen observation; external corroboration not independently completed,,potential spoiler
1,Spider-Man: No Way Home,1,On-screen detail,The opening follows Far From Home's public identity reveal,Film / series on-screen observation; external corroboration not independently completed,,potential spoiler
1,Spider-Man: No Way Home,2,On-screen detail,Matt Murdock appears as Peter's attorney,Film / series on-screen observation; external corroboration not independently completed,,potential spoiler
1,Spider-Man: No Way Home,3,Easter egg / reference,Matt's cameo connects to Netflix's Daredevil continuity,Film / series on-screen observation; external corroboration not independently completed,,potential spoiler
1,Spider-Man: No Way Home,4,On-screen detail,Peter asks Strange to erase public knowledge of his identity,Film / series on-screen observation; external corroboration not independently completed,,potential spoiler
1,Spider-Man: No Way Home,5,On-screen detail,A spell mishap brings visitors who know Peter Parker from other universes,Film / series on-screen observation; external corroboration not independently completed,,potential spoiler
1,Spider-Man: No Way Home,6,Cross-film connection,Alfred Molina returns as Doctor Octopus from Spider-Man 2,Film / series on-screen observation; external corroboration not independently completed,,potential spoiler
1,Spider-Man: No Way Home,7,Cross-film connection,Willem Dafoe returns as the Green Goblin from Spider-Man,Film / series on-screen observation; external corroboration not independently completed,,potential spoiler
1,Spider-Man: No Way Home,8,Cross-film connection,Jamie Foxx returns as Electro from The Amazing Spider-Man 2,Film / series on-screen observation; external corroboration not independently completed,,potential spoiler
1,Spider-Man: No Way Home,9,Cross-film connection,Thomas Haden Church returns as Sandman from Spider-Man 3,Film / series on-screen observation; external corroboration not independently completed,,potential spoiler
1,Spider-Man: No Way Home,10,Cross-film connection,Rhys Ifans returns as the Lizard from The Amazing Spider-Man,Film / series on-screen observation; external corroboration not independently completed,,potential spoiler
1,Spider-Man: No Way Home,11,Cross-film connection,Tobey Maguire reprises the Raimi-universe Peter Parker,Film / series on-screen observation; external corroboration not independently completed,,potential spoiler
1,Spider-Man: No Way Home,12,Cross-film connection,Andrew Garfield reprises the Amazing-universe Peter Parker,Film / series on-screen observation; external corroboration not independently completed,,potential spoiler
1,Spider-Man: No Way Home,13,Easter egg / reference,Andrew's Peter saves MJ in a scene paralleling Gwen Stacy's death,Film / series on-screen observation; external corroboration not independently completed,,potential spoiler
1,Spider-Man: No Way Home,14,On-screen detail,Aunt May repeats the Spider-Man responsibility maxim,Film / series on-screen observation; external corroboration not independently completed,,potential spoiler
1,Spider-Man: No Way Home,15,On-screen detail,Aunt May's death changes Peter's priorities,Film / series on-screen observation; external corroboration not independently completed,,potential spoiler
1,Spider-Man: No Way Home,16,On-screen detail,The film restores Doctor Octopus's inhibitory chip,Film / series on-screen observation; external corroboration not independently completed,,potential spoiler
1,Spider-Man: No Way Home,17,On-screen detail,The climax takes place at a Statue of Liberty carrying Captain America's shield,Film / series on-screen observation; external corroboration not independently completed,,potential spoiler
1,Spider-Man: No Way Home,18,On-screen detail,Peter chooses a spell that makes everyone forget Peter Parker,Film / series on-screen observation; external corroboration not independently completed,,potential spoiler
1,Spider-Man: No Way Home,19,Post-credit connection,Tom Hardy's Eddie Brock appears in the mid-credits tag,Film / series on-screen observation; external corroboration not independently completed,,potential spoiler
1,Spider-Man: No Way Home,20,Cross-film connection,A piece of Venom symbiote remains behind after Eddie returns home,Film / series on-screen observation; external corroboration not independently completed,,potential spoiler
1,Doctor Strange in the Multiverse of Madness,1,On-screen detail,The opening includes an alternate Doctor Strange,Film / series on-screen observation; external corroboration not independently completed,,potential spoiler
1,Doctor Strange in the Multiverse of Madness,2,On-screen detail,America Chavez can travel between universes,Film / series on-screen observation; external corroboration not independently completed,,potential spoiler
1,Doctor Strange in the Multiverse of Madness,3,On-screen detail,Wanda's Darkhold obsession follows WandaVision,Film / series on-screen observation; external corroboration not independently completed,,potential spoiler
1,Doctor Strange in the Multiverse of Madness,4,On-screen detail,The Scarlet Witch's prophecy informs her actions,Film / series on-screen observation; external corroboration not independently completed,,potential spoiler
1,Doctor Strange in the Multiverse of Madness,5,On-screen detail,Kamar-Taj is attacked by Wanda,Film / series on-screen observation; external corroboration not independently completed,,potential spoiler
1,Doctor Strange in the Multiverse of Madness,6,On-screen detail,The Book of Vishanti is introduced as a counter to the Darkhold,Film / series on-screen observation; external corroboration not independently completed,,potential spoiler
1,Doctor Strange in the Multiverse of Madness,7,On-screen detail,The Illuminati rule from an alternate universe,Film / series on-screen observation; external corroboration not independently completed,,potential spoiler
1,Doctor Strange in the Multiverse of Madness,8,Easter egg / reference,Patrick Stewart portrays an alternate Charles Xavier,Film / series on-screen observation; external corroboration not independently completed,,potential spoiler
1,Doctor Strange in the Multiverse of Madness,9,Cross-film connection,The Xavier appearance nods to earlier X-Men portrayals,Film / series on-screen observation; external corroboration not independently completed,,potential spoiler
1,Doctor Strange in the Multiverse of Madness,10,On-screen detail,John Krasinski plays an alternate Reed Richards,Film / series on-screen observation; external corroboration not independently completed,,potential spoiler
1,Doctor Strange in the Multiverse of Madness,11,On-screen detail,Hayley Atwell plays Captain Carter in live action,Film / series on-screen observation; external corroboration not independently completed,,potential spoiler
1,Doctor Strange in the Multiverse of Madness,12,Cross-film connection,Anson Mount reprises a version of Black Bolt,Film / series on-screen observation; external corroboration not independently completed,,potential spoiler
1,Doctor Strange in the Multiverse of Madness,13,On-screen detail,Lashana Lynch plays an alternate Captain Marvel,Film / series on-screen observation; external corroboration not independently completed,,potential spoiler
1,Doctor Strange in the Multiverse of Madness,14,On-screen detail,Wanda defeats the Illuminati in their universe,Film / series on-screen observation; external corroboration not independently completed,,potential spoiler
1,Doctor Strange in the Multiverse of Madness,15,On-screen detail,Strange uses dreamwalking to inhabit another body,Film / series on-screen observation; external corroboration not independently completed,,potential spoiler
1,Doctor Strange in the Multiverse of Madness,16,On-screen detail,The film features a musical-note fight between two Stranges,Film / series on-screen observation; external corroboration not independently completed,,potential spoiler
1,Doctor Strange in the Multiverse of Madness,17,On-screen detail,Danny Elfman's score supports the musical battle sequence,Film / series on-screen observation; external corroboration not independently completed,,potential spoiler
1,Doctor Strange in the Multiverse of Madness,18,Post-credit connection,Clea appears in the mid-credits scene,Film / series on-screen observation; external corroboration not independently completed,,potential spoiler
1,Doctor Strange in the Multiverse of Madness,19,On-screen detail,Charlize Theron plays Clea,Film / series on-screen observation; external corroboration not independently completed,,potential spoiler
1,Doctor Strange in the Multiverse of Madness,20,On-screen detail,Strange develops a third eye after using forbidden magic,Film / series on-screen observation; external corroboration not independently completed,,potential spoiler
1,Thor: Love and Thunder,1,Cross-film connection,Jane Foster returns from Thor's earlier solo films,Film / series on-screen observation; external corroboration not independently completed,,potential spoiler
1,Thor: Love and Thunder,2,On-screen detail,Jane wields the reforged Mjolnir,Film / series on-screen observation; external corroboration not independently completed,,potential spoiler
1,Thor: Love and Thunder,3,Easter egg / reference,The film adapts elements of Jason Aaron's Mighty Thor comics,Film / series on-screen observation; external corroboration not independently completed,,potential spoiler
1,Thor: Love and Thunder,4,On-screen detail,Mjolnir's fragments reassemble around Jane,Film / series on-screen observation; external corroboration not independently completed,,potential spoiler
1,Thor: Love and Thunder,5,On-screen detail,Gorr the God Butcher is the antagonist,Film / series on-screen observation; external corroboration not independently completed,,potential spoiler
1,Thor: Love and Thunder,6,Easter egg / reference,Christian Bale portrays Gorr,Film / series on-screen observation; external corroboration not independently completed,,potential spoiler
1,Thor: Love and Thunder,7,On-screen detail,Gorr's Necrosword allows him to kill gods,Film / series on-screen observation; external corroboration not independently completed,,potential spoiler
1,Thor: Love and Thunder,8,On-screen detail,Omnipotence City gathers deities from many cultures,Film / series on-screen observation; external corroboration not independently completed,,potential spoiler
1,Thor: Love and Thunder,9,Easter egg / reference,Russell Crowe portrays Zeus,Film / series on-screen observation; external corroboration not independently completed,,potential spoiler
1,Thor: Love and Thunder,10,Post-credit connection,Brett Goldstein appears as Hercules in the mid-credits scene,Film / series on-screen observation; external corroboration not independently completed,,potential spoiler
1,Thor: Love and Thunder,11,On-screen detail,Korg narrates much of Thor's tale,Film / series on-screen observation; external corroboration not independently completed,,potential spoiler
1,Thor: Love and Thunder,12,On-screen detail,Valkyrie rules New Asgard,Film / series on-screen observation; external corroboration not independently completed,,potential spoiler
1,Thor: Love and Thunder,13,On-screen detail,The Guardians appear at the beginning before parting from Thor,Film / series on-screen observation; external corroboration not independently completed,,potential spoiler
1,Thor: Love and Thunder,14,On-screen detail,Thor uses the Bifrost-capable weapon Stormbreaker,Film / series on-screen observation; external corroboration not independently completed,,potential spoiler
1,Thor: Love and Thunder,15,On-screen detail,The kidnapped Asgardian children wield power through Thor,Film / series on-screen observation; external corroboration not independently completed,,potential spoiler
1,Thor: Love and Thunder,16,On-screen detail,Jane's terminal illness informs her decision to become Mighty Thor,Film / series on-screen observation; external corroboration not independently completed,,potential spoiler
1,Thor: Love and Thunder,17,On-screen detail,Jane dies after helping Thor stop Gorr,Film / series on-screen observation; external corroboration not independently completed,,potential spoiler
1,Thor: Love and Thunder,18,Post-credit connection,The post-credit scene shows Jane entering Valhalla,Film / series on-screen observation; external corroboration not independently completed,,potential spoiler
1,Thor: Love and Thunder,19,On-screen detail,Heimdall welcomes Jane to Valhalla,Film / series on-screen observation; external corroboration not independently completed,,potential spoiler
1,Thor: Love and Thunder,20,On-screen detail,"Thor adopts Gorr's daughter, who fights alongside him",Film / series on-screen observation; external corroboration not independently completed,,potential spoiler
1,Black Panther: Wakanda Forever,1,On-screen detail,The story addresses T'Challa's death without recasting the character,Film / series on-screen observation; external corroboration not independently completed,,potential spoiler
1,Black Panther: Wakanda Forever,2,On-screen detail,Shuri struggles with grief after her brother's death,Film / series on-screen observation; external corroboration not independently completed,,potential spoiler
1,Black Panther: Wakanda Forever,3,On-screen detail,Queen Ramonda leads Wakanda politically,Film / series on-screen observation; external corroboration not independently completed,,potential spoiler
1,Black Panther: Wakanda Forever,4,On-screen detail,Namor rules the underwater nation of Talokan,Film / series on-screen observation; external corroboration not independently completed,,potential spoiler
1,Black Panther: Wakanda Forever,5,Easter egg / reference,Tenoch Huerta Mejía portrays Namor,Film / series on-screen observation; external corroboration not independently completed,,potential spoiler
1,Black Panther: Wakanda Forever,6,On-screen detail,Talokan is inspired by Mesoamerican cultural imagery,Film / series on-screen observation; external corroboration not independently completed,,potential spoiler
1,Black Panther: Wakanda Forever,7,Easter egg / reference,The underwater people have adapted to vibranium-rich conditions,Film / series on-screen observation; external corroboration not independently completed,,potential spoiler
1,Black Panther: Wakanda Forever,8,Easter egg / reference,Namor's winged ankles reference his comics appearance,Film / series on-screen observation; external corroboration not independently completed,,potential spoiler
1,Black Panther: Wakanda Forever,9,On-screen detail,Riri Williams is introduced as Ironheart,Film / series on-screen observation; external corroboration not independently completed,,potential spoiler
1,Black Panther: Wakanda Forever,10,On-screen detail,Riri's engineering skill attracts geopolitical attention,Film / series on-screen observation; external corroboration not independently completed,,potential spoiler
1,Black Panther: Wakanda Forever,11,Cross-film connection,Everett Ross returns from Black Panther,Film / series on-screen observation; external corroboration not independently completed,,potential spoiler
1,Black Panther: Wakanda Forever,12,On-screen detail,Valentina Allegra de Fontaine is revealed as Ross's former wife,Film / series on-screen observation; external corroboration not independently completed,,potential spoiler
1,Black Panther: Wakanda Forever,13,On-screen detail,The United States seeks access to Wakandan vibranium,Film / series on-screen observation; external corroboration not independently completed,,potential spoiler
1,Black Panther: Wakanda Forever,14,On-screen detail,Queen Ramonda dies during Namor's attack,Film / series on-screen observation; external corroboration not independently completed,,potential spoiler
1,Black Panther: Wakanda Forever,15,On-screen detail,Shuri becomes the new Black Panther,Film / series on-screen observation; external corroboration not independently completed,,potential spoiler
1,Black Panther: Wakanda Forever,16,On-screen detail,Shuri's suit uses golden accents associated with Killmonger,Film / series on-screen observation; external corroboration not independently completed,,potential spoiler
1,Black Panther: Wakanda Forever,17,On-screen detail,Shuri visits the ancestral plane and meets Killmonger,Film / series on-screen observation; external corroboration not independently completed,,potential spoiler
1,Black Panther: Wakanda Forever,18,On-screen detail,Okoye and Aneka wear the Midnight Angel armor,Film / series on-screen observation; external corroboration not independently completed,,potential spoiler
1,Black Panther: Wakanda Forever,19,On-screen detail,A final scene reveals T'Challa's young son,Film / series on-screen observation; external corroboration not independently completed,,potential spoiler
1,Black Panther: Wakanda Forever,20,On-screen detail,The film features a tribute to Chadwick Boseman,Film / series on-screen observation; external corroboration not independently completed,,potential spoiler
1,Ant-Man and the Wasp: Quantumania,1,On-screen detail,Scott Lang and Hope van Dyne enter the Quantum Realm,Film / series on-screen observation; external corroboration not independently completed,,potential spoiler
1,Ant-Man and the Wasp: Quantumania,2,Cross-film connection,Cassie Lang returns as a young hero with her own suit,Film / series on-screen observation; external corroboration not independently completed,,potential spoiler
1,Ant-Man and the Wasp: Quantumania,3,On-screen detail,Janet knows more about the Quantum Realm than she initially tells her family,Film / series on-screen observation; external corroboration not independently completed,,potential spoiler
1,Ant-Man and the Wasp: Quantumania,4,On-screen detail,Kang the Conqueror is trapped in the Quantum Realm,Film / series on-screen observation; external corroboration not independently completed,,potential spoiler
1,Ant-Man and the Wasp: Quantumania,5,On-screen detail,Kang is revealed to have crossed realities,Film / series on-screen observation; external corroboration not independently completed,,potential spoiler
1,Ant-Man and the Wasp: Quantumania,6,Post-credit connection,The Council of Kangs appears in the mid-credits scene,Film / series on-screen observation; external corroboration not independently completed,,potential spoiler
1,Ant-Man and the Wasp: Quantumania,7,On-screen detail,Immortus and Rama-Tut are among its depicted variants,Film / series on-screen observation; external corroboration not independently completed,,potential spoiler
1,Ant-Man and the Wasp: Quantumania,8,Post-credit connection,The post-credit tag introduces Victor Timely in a Loki connection,Film / series on-screen observation; external corroboration not independently completed,,potential spoiler
1,Ant-Man and the Wasp: Quantumania,9,On-screen detail,Loki and Mobius watch Timely at a public demonstration,Film / series on-screen observation; external corroboration not independently completed,,potential spoiler
1,Ant-Man and the Wasp: Quantumania,10,Cross-film connection,Corey Stoll returns as Darren Cross,Film / series on-screen observation; external corroboration not independently completed,,potential spoiler
1,Ant-Man and the Wasp: Quantumania,11,On-screen detail,Darren has become M.O.D.O.K. inside the Quantum Realm,Film / series on-screen observation; external corroboration not independently completed,,potential spoiler
1,Ant-Man and the Wasp: Quantumania,12,On-screen detail,Bill Murray plays Lord Krylar,Film / series on-screen observation; external corroboration not independently completed,,potential spoiler
1,Ant-Man and the Wasp: Quantumania,13,On-screen detail,The Quantum Realm contains cities and resistance communities,Film / series on-screen observation; external corroboration not independently completed,,potential spoiler
1,Ant-Man and the Wasp: Quantumania,14,On-screen detail,Jentorra leads part of the resistance against Kang,Film / series on-screen observation; external corroboration not independently completed,,potential spoiler
1,Ant-Man and the Wasp: Quantumania,15,On-screen detail,The film shows Kang's advanced time-and-reality technology,Film / series on-screen observation; external corroboration not independently completed,,potential spoiler
1,Ant-Man and the Wasp: Quantumania,16,On-screen detail,Janet once helped Kang repair his multiversal vessel,Film / series on-screen observation; external corroboration not independently completed,,potential spoiler
1,Ant-Man and the Wasp: Quantumania,17,On-screen detail,Janet then sabotaged the technology when she learned his intentions,Film / series on-screen observation; external corroboration not independently completed,,potential spoiler
1,Ant-Man and the Wasp: Quantumania,18,On-screen detail,The Quantum Realm is revealed as substantially more inhabited than in Ant-Man,Film / series on-screen observation; external corroboration not independently completed,,potential spoiler
1,Ant-Man and the Wasp: Quantumania,19,On-screen detail,Hope arrives to help Scott defeat Kang,Film / series on-screen observation; external corroboration not independently completed,,potential spoiler
1,Ant-Man and the Wasp: Quantumania,20,On-screen detail,Cassie helps liberate the quantum inhabitants,Film / series on-screen observation; external corroboration not independently completed,,potential spoiler
1,Guardians of the Galaxy Vol. 3,1,On-screen detail,The film examines Rocket's history under the High Evolutionary,Film / series on-screen observation; external corroboration not independently completed,,potential spoiler
1,Guardians of the Galaxy Vol. 3,2,On-screen detail,"Rocket's former friends include Lylla, Teefs and Floor",Film / series on-screen observation; external corroboration not independently completed,,potential spoiler
1,Guardians of the Galaxy Vol. 3,3,On-screen detail,The High Evolutionary experiments on animals,Film / series on-screen observation; external corroboration not independently completed,,potential spoiler
1,Guardians of the Galaxy Vol. 3,4,On-screen detail,Rocket is revealed as the creator of ideas his captor coveted,Film / series on-screen observation; external corroboration not independently completed,,potential spoiler
1,Guardians of the Galaxy Vol. 3,5,On-screen detail,Adam Warlock appears after being teased in Vol. 2,Film / series on-screen observation; external corroboration not independently completed,,potential spoiler
1,Guardians of the Galaxy Vol. 3,6,Easter egg / reference,Will Poulter portrays Adam Warlock,Film / series on-screen observation; external corroboration not independently completed,,potential spoiler
1,Guardians of the Galaxy Vol. 3,7,On-screen detail,The opening uses Radiohead's acoustic Creep,Film / series on-screen observation; external corroboration not independently completed,,potential spoiler
1,Guardians of the Galaxy Vol. 3,8,On-screen detail,Peter Quill struggles with Gamora's altered history after Endgame,Film / series on-screen observation; external corroboration not independently completed,,potential spoiler
1,Guardians of the Galaxy Vol. 3,9,On-screen detail,The Gamora present here is from a different time branch,Film / series on-screen observation; external corroboration not independently completed,,potential spoiler
1,Guardians of the Galaxy Vol. 3,10,On-screen detail,Nebula and Drax play major roles in Rocket's rescue,Film / series on-screen observation; external corroboration not independently completed,,potential spoiler
1,Guardians of the Galaxy Vol. 3,11,On-screen detail,Mantis uses her empathy in conflicts aboard the ship,Film / series on-screen observation; external corroboration not independently completed,,potential spoiler
1,Guardians of the Galaxy Vol. 3,12,On-screen detail,Knowhere serves as the Guardians' base,Film / series on-screen observation; external corroboration not independently completed,,potential spoiler
1,Guardians of the Galaxy Vol. 3,13,On-screen detail,Cosmo the space dog becomes a more prominent ally,Film / series on-screen observation; external corroboration not independently completed,,potential spoiler
1,Guardians of the Galaxy Vol. 3,14,On-screen detail,The film's action includes a long hallway tracking-style sequence,Film / series on-screen observation; external corroboration not independently completed,,potential spoiler
1,Guardians of the Galaxy Vol. 3,15,On-screen detail,The High Evolutionary's Counter-Earth is a manufactured world,Film / series on-screen observation; external corroboration not independently completed,,potential spoiler
1,Guardians of the Galaxy Vol. 3,16,On-screen detail,Rocket rescues raccoons and other animals from captivity,Film / series on-screen observation; external corroboration not independently completed,,potential spoiler
1,Guardians of the Galaxy Vol. 3,17,Cross-film connection,Peter returns to Earth to meet his grandfather,Film / series on-screen observation; external corroboration not independently completed,,potential spoiler
1,Guardians of the Galaxy Vol. 3,18,On-screen detail,A new Guardians lineup forms under Rocket,Film / series on-screen observation; external corroboration not independently completed,,potential spoiler
1,Guardians of the Galaxy Vol. 3,19,Post-credit connection,The mid-credits scene shows Rocket's new team,Film / series on-screen observation; external corroboration not independently completed,,potential spoiler
1,Guardians of the Galaxy Vol. 3,20,Post-credit connection,The post-credit scene notes that the legendary Star-Lord will return,Film / series on-screen observation; external corroboration not independently completed,,potential spoiler
1,The Marvels,1,On-screen detail,Carol Danvers' powers become entangled with Monica Rambeau and Kamala Khan,Film / series on-screen observation; external corroboration not independently completed,,potential spoiler
1,The Marvels,2,On-screen detail,Monica's powers were developed during WandaVision,Film / series on-screen observation; external corroboration not independently completed,,potential spoiler
1,The Marvels,3,On-screen detail,Kamala's powers were introduced in Ms. Marvel,Film / series on-screen observation; external corroboration not independently completed,,potential spoiler
1,The Marvels,4,On-screen detail,The trio exchange places when using their abilities,Film / series on-screen observation; external corroboration not independently completed,,potential spoiler
1,The Marvels,5,On-screen detail,Kamala admires Captain Marvel and keeps Avengers-related memorabilia,Film / series on-screen observation; external corroboration not independently completed,,potential spoiler
1,The Marvels,6,Cross-film connection,Goose returns from Captain Marvel,Film / series on-screen observation; external corroboration not independently completed,,potential spoiler
1,The Marvels,7,On-screen detail,Flerken kittens become an unexpected evacuation method,Film / series on-screen observation; external corroboration not independently completed,,potential spoiler
1,The Marvels,8,On-screen detail,Dar-Benn uses a bangle connected to Kamala's,Film / series on-screen observation; external corroboration not independently completed,,potential spoiler
1,The Marvels,9,Cross-film connection,The Kree homeworld Hala suffers after Carol's earlier intervention,Film / series on-screen observation; external corroboration not independently completed,,potential spoiler
1,The Marvels,10,On-screen detail,The trio travel to a planet whose inhabitants communicate through song,Film / series on-screen observation; external corroboration not independently completed,,potential spoiler
1,The Marvels,11,On-screen detail,The film explores Carol's relationship with Maria Rambeau,Film / series on-screen observation; external corroboration not independently completed,,potential spoiler
1,The Marvels,12,On-screen detail,Park Seo-joon plays Prince Yan,Film / series on-screen observation; external corroboration not independently completed,,potential spoiler
1,The Marvels,13,On-screen detail,Nick Fury runs the S.A.B.E.R. space station,Film / series on-screen observation; external corroboration not independently completed,,potential spoiler
1,The Marvels,14,On-screen detail,Monica ultimately closes a tear between realities,Film / series on-screen observation; external corroboration not independently completed,,potential spoiler
1,The Marvels,15,On-screen detail,Monica becomes stranded in another universe,Film / series on-screen observation; external corroboration not independently completed,,potential spoiler
1,The Marvels,16,On-screen detail,An alternate Maria Rambeau appears as Binary,Film / series on-screen observation; external corroboration not independently completed,,potential spoiler
1,The Marvels,17,Post-credit connection,Kelsey Grammer reprises Beast in the mid-credits sequence,Film / series on-screen observation; external corroboration not independently completed,,potential spoiler
1,The Marvels,18,Post-credit connection,The post-credit scene invokes the X-Men's wider continuity,Film / series on-screen observation; external corroboration not independently completed,,potential spoiler
1,The Marvels,19,On-screen detail,Kamala approaches Kate Bishop to propose recruiting young heroes,Film / series on-screen observation; external corroboration not independently completed,,potential spoiler
1,The Marvels,20,On-screen detail,Kate Bishop first appeared in Hawkeye,Film / series on-screen observation; external corroboration not independently completed,,potential spoiler
1,Deadpool & Wolverine,1,On-screen detail,The TVA connects the film directly to Loki's multiverse machinery,Film / series on-screen observation; external corroboration not independently completed,,potential spoiler
1,Deadpool & Wolverine,2,Easter egg / reference,Matthew Macfadyen portrays TVA agent Mr. Paradox,Film / series on-screen observation; external corroboration not independently completed,,potential spoiler
1,Deadpool & Wolverine,3,On-screen detail,The story distinguishes the film's Wolverine from the Logan version,Film / series on-screen observation; external corroboration not independently completed,,potential spoiler
1,Deadpool & Wolverine,4,Cross-film connection,Deadpool revisits Logan's grave in the opening,Film / series on-screen observation; external corroboration not independently completed,,potential spoiler
1,Deadpool & Wolverine,5,On-screen detail,Hugh Jackman wears a yellow-and-blue Wolverine costume,Film / series on-screen observation; external corroboration not independently completed,,potential spoiler
1,Deadpool & Wolverine,6,On-screen detail,The Void serves as a destination for pruned beings,Film / series on-screen observation; external corroboration not independently completed,,potential spoiler
1,Deadpool & Wolverine,7,Cross-film connection,Alioth returns from Loki's Void mythology,Film / series on-screen observation; external corroboration not independently completed,,potential spoiler
1,Deadpool & Wolverine,8,On-screen detail,Cassandra Nova appears as a powerful antagonist,Film / series on-screen observation; external corroboration not independently completed,,potential spoiler
1,Deadpool & Wolverine,9,Easter egg / reference,Emma Corrin portrays Cassandra Nova,Film / series on-screen observation; external corroboration not independently completed,,potential spoiler
1,Deadpool & Wolverine,10,On-screen detail,A live-action Wolverine variant is played by Henry Cavill,Film / series on-screen observation; external corroboration not independently completed,,potential spoiler
1,Deadpool & Wolverine,11,Cross-film connection,Chris Evans returns as Johnny Storm rather than Captain America,Film / series on-screen observation; external corroboration not independently completed,,potential spoiler
1,Deadpool & Wolverine,12,Cross-film connection,Wesley Snipes returns as Blade,Film / series on-screen observation; external corroboration not independently completed,,potential spoiler
1,Deadpool & Wolverine,13,Cross-film connection,Jennifer Garner returns as Elektra,Film / series on-screen observation; external corroboration not independently completed,,potential spoiler
1,Deadpool & Wolverine,14,Cross-film connection,Dafne Keen returns as Laura/X-23,Film / series on-screen observation; external corroboration not independently completed,,potential spoiler
1,Deadpool & Wolverine,15,On-screen detail,Channing Tatum appears as Gambit,Film / series on-screen observation; external corroboration not independently completed,,potential spoiler
1,Deadpool & Wolverine,16,Cross-film connection,Aaron Stanford returns as Pyro,Film / series on-screen observation; external corroboration not independently completed,,potential spoiler
1,Deadpool & Wolverine,17,On-screen detail,The film uses a Deadpool Corps of variants,Film / series on-screen observation; external corroboration not independently completed,,potential spoiler
1,Deadpool & Wolverine,18,Cross-film connection,Peter returns as Wade's ordinary friend,Film / series on-screen observation; external corroboration not independently completed,,potential spoiler
1,Deadpool & Wolverine,19,On-screen detail,The credits include archival imagery from Fox's Marvel films,Film / series on-screen observation; external corroboration not independently completed,,potential spoiler
1,Deadpool & Wolverine,20,On-screen detail,Madonna's Like a Prayer accompanies a major sequence,Film / series on-screen observation; external corroboration not independently completed,,potential spoiler
1,Captain America: Brave New World,1,On-screen detail,Sam Wilson leads the film as Captain America after The Falcon and the Winter Soldier,Film / series on-screen observation; external corroboration not independently completed,,potential spoiler
1,Captain America: Brave New World,2,On-screen detail,Anthony Mackie continues Sam's MCU role,Film / series on-screen observation; external corroboration not independently completed,,potential spoiler
1,Captain America: Brave New World,3,Cross-film connection,Danny Ramirez reprises Joaquin Torres,Film / series on-screen observation; external corroboration not independently completed,,potential spoiler
1,Captain America: Brave New World,4,On-screen detail,Joaquin becomes the new Falcon,Film / series on-screen observation; external corroboration not independently completed,,potential spoiler
1,Captain America: Brave New World,5,On-screen detail,"Harrison Ford plays Thaddeus Ross, taking over the role from William Hurt",Film / series on-screen observation; external corroboration not independently completed,,potential spoiler
1,Captain America: Brave New World,6,On-screen detail,Ross has become president of the United States in the story,Film / series on-screen observation; external corroboration not independently completed,,potential spoiler
1,Captain America: Brave New World,7,On-screen detail,Ross transforms into the Red Hulk,Film / series on-screen observation; external corroboration not independently completed,,potential spoiler
1,Captain America: Brave New World,8,Easter egg / reference,Red Hulk draws on Ross's long comic-book history,Film / series on-screen observation; external corroboration not independently completed,,potential spoiler
1,Captain America: Brave New World,9,Cross-film connection,The story returns to the Celestial remains from Eternals,Film / series on-screen observation; external corroboration not independently completed,,potential spoiler
1,Captain America: Brave New World,10,On-screen detail,Adamantium is connected to the Celestial-derived material,Film / series on-screen observation; external corroboration not independently completed,,potential spoiler
1,Captain America: Brave New World,11,Cross-film connection,Tim Blake Nelson returns as Samuel Sterns from The Incredible Hulk,Film / series on-screen observation; external corroboration not independently completed,,potential spoiler
1,Captain America: Brave New World,12,Cross-film connection,Sterns becomes the Leader after his earlier exposure to Banner's blood,Film / series on-screen observation; external corroboration not independently completed,,potential spoiler
1,Captain America: Brave New World,13,Cross-film connection,Liv Tyler returns as Betty Ross,Film / series on-screen observation; external corroboration not independently completed,,potential spoiler
1,Captain America: Brave New World,14,Cross-film connection,Carl Lumbly reprises Isaiah Bradley,Film / series on-screen observation; external corroboration not independently completed,,potential spoiler
1,Captain America: Brave New World,15,On-screen detail,Isaiah's history was established in The Falcon and the Winter Soldier,Film / series on-screen observation; external corroboration not independently completed,,potential spoiler
1,Captain America: Brave New World,16,On-screen detail,Sam's suit uses vibranium technology linked to Wakanda,Film / series on-screen observation; external corroboration not independently completed,,potential spoiler
1,Captain America: Brave New World,17,On-screen detail,The film explores whether Captain America needs a super-soldier serum,Film / series on-screen observation; external corroboration not independently completed,,potential spoiler
1,Captain America: Brave New World,18,Cross-film connection,The conflict draws on Ross's earlier pursuit of the Hulk,Film / series on-screen observation; external corroboration not independently completed,,potential spoiler
1,Captain America: Brave New World,19,Easter egg / reference,Giancarlo Esposito portrays Sidewinder,Film / series on-screen observation; external corroboration not independently completed,,potential spoiler
1,Captain America: Brave New World,20,On-screen detail,The film carries forward Sam's decision to accept Steve's shield,Film / series on-screen observation; external corroboration not independently completed,,potential spoiler
1,Thunderbolts*,1,Cross-film connection,Yelena Belova returns from Black Widow and Hawkeye,Film / series on-screen observation; external corroboration not independently completed,,potential spoiler
1,Thunderbolts*,2,Easter egg / reference,Florence Pugh portrays Yelena,Film / series on-screen observation; external corroboration not independently completed,,potential spoiler
1,Thunderbolts*,3,On-screen detail,Bucky Barnes appears after The Falcon and the Winter Soldier,Film / series on-screen observation; external corroboration not independently completed,,potential spoiler
1,Thunderbolts*,4,Cross-film connection,Sebastian Stan reprises Bucky,Film / series on-screen observation; external corroboration not independently completed,,potential spoiler
1,Thunderbolts*,5,Cross-film connection,John Walker returns as U.S. Agent,Film / series on-screen observation; external corroboration not independently completed,,potential spoiler
1,Thunderbolts*,6,Easter egg / reference,Wyatt Russell portrays John Walker,Film / series on-screen observation; external corroboration not independently completed,,potential spoiler
1,Thunderbolts*,7,Cross-film connection,Ava Starr returns as Ghost from Ant-Man and the Wasp,Film / series on-screen observation; external corroboration not independently completed,,potential spoiler
1,Thunderbolts*,8,Cross-film connection,Hannah John-Kamen reprises Ghost,Film / series on-screen observation; external corroboration not independently completed,,potential spoiler
1,Thunderbolts*,9,Cross-film connection,Alexei Shostakov returns as Red Guardian,Film / series on-screen observation; external corroboration not independently completed,,potential spoiler
1,Thunderbolts*,10,Easter egg / reference,David Harbour portrays Red Guardian,Film / series on-screen observation; external corroboration not independently completed,,potential spoiler
1,Thunderbolts*,11,On-screen detail,Valentina Allegra de Fontaine assembles and manipulates the team,Film / series on-screen observation; external corroboration not independently completed,,potential spoiler
1,Thunderbolts*,12,Cross-film connection,Julia Louis-Dreyfus reprises Valentina,Film / series on-screen observation; external corroboration not independently completed,,potential spoiler
1,Thunderbolts*,13,Cross-film connection,The group includes characters previously introduced as antiheroes or antagonists,Film / series on-screen observation; external corroboration not independently completed,,potential spoiler
1,Thunderbolts*,14,On-screen detail,Bob Reynolds is revealed as the Sentry,Film / series on-screen observation; external corroboration not independently completed,,potential spoiler
1,Thunderbolts*,15,On-screen detail,The Void is linked to Bob's darker powers,Film / series on-screen observation; external corroboration not independently completed,,potential spoiler
1,Thunderbolts*,16,Easter egg / reference,Lewis Pullman portrays Bob,Film / series on-screen observation; external corroboration not independently completed,,potential spoiler
1,Thunderbolts*,17,On-screen detail,The film's asterisk in the title is narratively significant,Film / series on-screen observation; external corroboration not independently completed,,potential spoiler
1,Thunderbolts*,18,On-screen detail,The team is publicly rebranded as the New Avengers,Film / series on-screen observation; external corroboration not independently completed,,potential spoiler
1,Thunderbolts*,19,On-screen detail,The credits use the Thunderbolts' changing team identity,Film / series on-screen observation; external corroboration not independently completed,,potential spoiler
1,Thunderbolts*,20,Post-credit connection,A post-credits scene connects the group to an approaching Fantastic Four vessel,Film / series on-screen observation; external corroboration not independently completed,,potential spoiler
1,The Fantastic Four: First Steps,1,On-screen detail,The film is set in an alternate retro-futuristic Earth,Film / series on-screen observation; external corroboration not independently completed,,potential spoiler
1,The Fantastic Four: First Steps,2,Easter egg / reference,Pedro Pascal portrays Reed Richards,Film / series on-screen observation; external corroboration not independently completed,,potential spoiler
1,The Fantastic Four: First Steps,3,Easter egg / reference,Vanessa Kirby portrays Sue Storm,Film / series on-screen observation; external corroboration not independently completed,,potential spoiler
1,The Fantastic Four: First Steps,4,Easter egg / reference,Joseph Quinn portrays Johnny Storm,Film / series on-screen observation; external corroboration not independently completed,,potential spoiler
1,The Fantastic Four: First Steps,5,Easter egg / reference,Ebon Moss-Bachrach portrays Ben Grimm,Film / series on-screen observation; external corroboration not independently completed,,potential spoiler
1,The Fantastic Four: First Steps,6,On-screen detail,The team lives in a 1960s-inspired high-technology society,Film / series on-screen observation; external corroboration not independently completed,,potential spoiler
1,The Fantastic Four: First Steps,7,On-screen detail,Reed and Sue are presented as parents,Film / series on-screen observation; external corroboration not independently completed,,potential spoiler
1,The Fantastic Four: First Steps,8,On-screen detail,The film's villain Galactus is a world-consuming cosmic being,Film / series on-screen observation; external corroboration not independently completed,,potential spoiler
1,The Fantastic Four: First Steps,9,Easter egg / reference,Ralph Ineson portrays Galactus,Film / series on-screen observation; external corroboration not independently completed,,potential spoiler
1,The Fantastic Four: First Steps,10,Easter egg / reference,Julia Garner portrays the Silver Surfer Shalla-Bal,Film / series on-screen observation; external corroboration not independently completed,,potential spoiler
1,The Fantastic Four: First Steps,11,Easter egg / reference,Shalla-Bal is a Silver Surfer character from Marvel Comics,Film / series on-screen observation; external corroboration not independently completed,,potential spoiler
1,The Fantastic Four: First Steps,12,On-screen detail,The Fantastic Four's spacecraft establishes their history as explorers,Film / series on-screen observation; external corroboration not independently completed,,potential spoiler
1,The Fantastic Four: First Steps,13,On-screen detail,The film's universe is different from the main MCU continuity,Film / series on-screen observation; external corroboration not independently completed,,potential spoiler
1,The Fantastic Four: First Steps,14,On-screen detail,"The Fantastic Four's power sets correspond to elasticity, invisibility, flame and rocky strength",Film / series on-screen observation; external corroboration not independently completed,,potential spoiler
1,The Fantastic Four: First Steps,15,On-screen detail,Galactus's scale is emphasized through the Earth's vulnerability,Film / series on-screen observation; external corroboration not independently completed,,potential spoiler
1,The Fantastic Four: First Steps,16,On-screen detail,HERBIE appears as the team's robot companion,Film / series on-screen observation; external corroboration not independently completed,,potential spoiler
1,The Fantastic Four: First Steps,17,On-screen detail,The Baxter Building serves as the team's home base,Film / series on-screen observation; external corroboration not independently completed,,potential spoiler
1,The Fantastic Four: First Steps,18,On-screen detail,The story provides continuity groundwork for the team's MCU crossover,Film / series on-screen observation; external corroboration not independently completed,,potential spoiler
1,The Fantastic Four: First Steps,19,Post-credit connection,Doctor Doom is teased in the mid-credits sequence,Film / series on-screen observation; external corroboration not independently completed,,potential spoiler
1,The Fantastic Four: First Steps,20,On-screen detail,The film's visual design distinguishes it from the contemporary setting of most MCU films,Film / series on-screen observation; external corroboration not independently completed,,potential spoiler
1,Spider-Man: Brand New Day,1,On-screen detail,The story is set four years after No Way Home,Sony official movie page,,potential spoiler
1,Spider-Man: Brand New Day,2,On-screen detail,The world still does not remember Peter Parker,Sony official movie page,,potential spoiler
1,Spider-Man: Brand New Day,3,On-screen detail,Peter works as Spider-Man full-time,Sony official movie page,,potential spoiler
1,Spider-Man: Brand New Day,4,On-screen detail,Peter's unusual spider-senses begin to change,Sony official movie page,,potential spoiler
1,Spider-Man: Brand New Day,5,Cross-film connection,MJ has graduated from MIT and returned to New York,Sony official movie page,,potential spoiler
1,Spider-Man: Brand New Day,6,On-screen detail,MJ does not remember her prior relationship with Peter,Sony official movie page,,potential spoiler
1,Spider-Man: Brand New Day,7,On-screen detail,Ned Leeds has also completed studies at MIT,Sony official movie page,,potential spoiler
1,Spider-Man: Brand New Day,8,On-screen detail,Ned builds an app to track Spider-Man sightings,Sony official movie page,,potential spoiler
1,Spider-Man: Brand New Day,9,On-screen detail,Frank Castle / Punisher appears alongside Spider-Man,Sony official movie page,,potential spoiler
1,Spider-Man: Brand New Day,10,Cross-film connection,Jon Bernthal reprises the Punisher role,Sony official movie page,,potential spoiler
1,Spider-Man: Brand New Day,11,On-screen detail,Jean Grey is introduced as a telepathic young woman,Sony official movie page,,potential spoiler
1,Spider-Man: Brand New Day,12,On-screen detail,Sadie Sink plays Jean Grey,Sony official movie page,,potential spoiler
1,Spider-Man: Brand New Day,13,On-screen detail,Jean searches for her missing older sister Sara,Sony official movie page,,potential spoiler
1,Spider-Man: Brand New Day,14,On-screen detail,Bruce Banner is a quantum mechanics professor at Empire State University,Sony official movie page,,potential spoiler
1,Spider-Man: Brand New Day,15,Cross-film connection,Mark Ruffalo reprises Bruce Banner,Sony official movie page,,potential spoiler
1,Spider-Man: Brand New Day,16,On-screen detail,Banner's transformation brings a Savage Hulk conflict,Sony official movie page,,potential spoiler
1,Spider-Man: Brand New Day,17,On-screen detail,William Metzger runs the Department of Damage Control,Sony official movie page,,potential spoiler
1,Spider-Man: Brand New Day,18,On-screen detail,Damage Control connects this film to Homecoming,Sony official movie page,,potential spoiler
1,Spider-Man: Brand New Day,19,On-screen detail,Destin Daniel Cretton directs after directing Shang-Chi,Sony official movie page,,potential spoiler
1,Spider-Man: Brand New Day,20,On-screen detail,"The project features Tom Holland, Zendaya, Jacob Batalon and Michael Mando",Sony official movie page,,potential spoiler
1,Avengers: Doomsday,1,Release schedule,"Disney lists US theatrical release as December 18, 2026.",Official Disney film page,,public pre-release information
1,Avengers: Doomsday,2,Director,"Anthony Russo and Joe Russo are directing, returning from Infinity War and Endgame.",Official Disney film page,,public pre-release information
1,Avengers: Doomsday,3,Casting,"Robert Downey Jr. returns to the franchise as Victor von Doom, distinct from his prior Tony Stark role.",Official Disney film page,,public pre-release information
1,Avengers: Doomsday,4,Cross-universe premise,Disney describes an existential collision involving heroes from three distinct universes.,Official Disney film page,,public pre-release information
1,Avengers: Doomsday,5,MCU crossover,"Chris Hemsworth, Chris Evans and Anthony Mackie are among officially listed performers.",Official Disney film page,,public pre-release information
1,Avengers: Doomsday,6,Fantastic Four crossover,"Pedro Pascal, Vanessa Kirby, Joseph Quinn and Ebon Moss-Bachrach are in the officially listed cast.",Official Disney film page,,public pre-release information
1,Avengers: Doomsday,7,Thunderbolts* crossover,"Florence Pugh, Wyatt Russell, Sebastian Stan and David Harbour are in the officially listed cast.",Official Disney film page,,public pre-release information
1,Avengers: Doomsday,8,X-Men crossover,"Patrick Stewart, Ian McKellen, James Marsden and Rebecca Romijn are among officially listed performers.",Official Disney film page,,public pre-release information
1,Avengers: Doomsday,9,X-Men casting,Alan Cumming and Kelsey Grammer are also on the official cast list.,Official Disney film page,,public pre-release information
1,Avengers: Doomsday,10,Shang-Chi link,Simu Liu appears in the official cast list.,Official Disney film page,,public pre-release information
1,Avengers: Doomsday,11,Loki link,Tom Hiddleston appears in the official cast list.,Official Disney film page,,public pre-release information
1,Avengers: Doomsday,12,Black Panther link,Letitia Wright and Winston Duke appear in the official cast list.,Official Disney film page,,public pre-release information
1,Avengers: Doomsday,13,Talokan link,Tenoch Huerta Mejía and Mabel Cadena appear on the cast list.,Official Disney film page,,public pre-release information
1,Avengers: Doomsday,14,Ant-Man link,Paul Rudd appears in the official cast list.,Official Disney film page,,public pre-release information
1,Avengers: Doomsday,15,Ant-Man link,Kathryn Newton appears in the official cast list.,Official Disney film page,,public pre-release information
1,Avengers: Doomsday,16,Thunderbolts* link,Lewis Pullman and Hannah John-Kamen are among the officially listed performers.,Official Disney film page,,public pre-release information
1,Avengers: Doomsday,17,Captain America link,Danny Ramirez appears in the official cast list.,Official Disney film page,,public pre-release information
1,Avengers: Doomsday,18,X-Men casting,Channing Tatum appears among officially listed performers.,Official Disney film page,,public pre-release information
1,Avengers: Doomsday,19,Official media,Disney hosts trailers and other clips ahead of the release.,Official Disney film page,,public pre-release information
1,Avengers: Doomsday,20,Writing credit,Stephen McFeely is listed as writer on Disney’s film page.,Official Disney film page,,public pre-release information
1,Avengers: Secret Wars,1,Release status,"This sequel remains upcoming as of October 2, 2026.",Marvel announcement / background; film unreleased,,public pre-release information
1,Avengers: Secret Wars,2,Multiverse Saga,Marvel announced Secret Wars as an Avengers film in the Multiverse Saga.,Marvel announcement / background; film unreleased,,public pre-release information
1,Avengers: Secret Wars,3,Connection to Doomsday,Secret Wars is positioned as the follow-up to Avengers: Doomsday.,Marvel announcement / background; film unreleased,,public pre-release information
1,Avengers: Secret Wars,4,Release scheduling,Disney and Marvel have changed some MCU release dates in previous announcements; confirm the current date before publishing.,Marvel announcement / background; film unreleased,,public pre-release information
1,Avengers: Secret Wars,5,Comic-name reference,"The title shares a name with Marvel Comics’ Secret Wars storylines, without establishing which events the movie adapts.",Marvel announcement / background; film unreleased,,public pre-release information
2,WandaVision,1,On-screen connection / production context,Westview's sitcom eras visually reference classic television formats.,Editorial research note; verify individually before publishing,https://www.marvel.com/tv-shows/,potential spoilers
2,WandaVision,2,On-screen connection / production context,The town's reality is sustained by Wanda's Hex.,Editorial research note; verify individually before publishing,https://www.marvel.com/tv-shows/,potential spoilers
2,WandaVision,3,On-screen connection / production context,Vision's body is central to S.W.O.R.D.'s White Vision project.,Editorial research note; verify individually before publishing,https://www.marvel.com/tv-shows/,potential spoilers
2,WandaVision,4,On-screen connection / production context,Monica Rambeau returns from Captain Marvel as an adult.,Editorial research note; verify individually before publishing,https://www.marvel.com/tv-shows/,potential spoilers
2,WandaVision,5,On-screen connection / production context,Jimmy Woo returns from Ant-Man and the Wasp.,Editorial research note; verify individually before publishing,https://www.marvel.com/tv-shows/,potential spoilers
2,WandaVision,6,On-screen connection / production context,Darcy Lewis returns from the Thor films.,Editorial research note; verify individually before publishing,https://www.marvel.com/tv-shows/,potential spoilers
2,WandaVision,7,On-screen connection / production context,Agatha Harkness's theme reveals her interference in Westview.,Editorial research note; verify individually before publishing,https://www.marvel.com/tv-shows/,potential spoilers
2,WandaVision,8,On-screen connection / production context,The Darkhold later becomes important in Multiverse of Madness.,Editorial research note; verify individually before publishing,https://www.marvel.com/tv-shows/,potential spoilers
2,WandaVision,9,On-screen connection / production context,The post-credit scene follows Monica receiving a space-related invitation.,Editorial research note; verify individually before publishing,https://www.marvel.com/tv-shows/,potential spoilers
2,WandaVision,10,On-screen connection / production context,The mid-credit scene shows White Vision departing after confronting Vision.,Editorial research note; verify individually before publishing,https://www.marvel.com/tv-shows/,potential spoilers
2,WandaVision,11,On-screen connection / production context,The series explores Wanda's grief after Infinity War and Endgame.,Editorial research note; verify individually before publishing,https://www.marvel.com/tv-shows/,potential spoilers
2,WandaVision,12,On-screen connection / production context,The opening episodes mimic sitcom production design and laugh tracks.,Editorial research note; verify individually before publishing,https://www.marvel.com/tv-shows/,potential spoilers
2,The Falcon and the Winter Soldier,1,On-screen connection / production context,Sam inherits Steve Rogers's shield from Endgame.,Editorial research note; verify individually before publishing,https://www.marvel.com/tv-shows/,potential spoilers
2,The Falcon and the Winter Soldier,2,On-screen connection / production context,The shield is handed to the US government and reassigned to John Walker.,Editorial research note; verify individually before publishing,https://www.marvel.com/tv-shows/,potential spoilers
2,The Falcon and the Winter Soldier,3,On-screen connection / production context,Bucky Barnes confronts his Winter Soldier history.,Editorial research note; verify individually before publishing,https://www.marvel.com/tv-shows/,potential spoilers
2,The Falcon and the Winter Soldier,4,On-screen connection / production context,Baron Zemo returns from Captain America: Civil War.,Editorial research note; verify individually before publishing,https://www.marvel.com/tv-shows/,potential spoilers
2,The Falcon and the Winter Soldier,5,On-screen connection / production context,Sharon Carter returns from The Winter Soldier and Civil War.,Editorial research note; verify individually before publishing,https://www.marvel.com/tv-shows/,potential spoilers
2,The Falcon and the Winter Soldier,6,On-screen connection / production context,Isaiah Bradley introduces the history of another super-soldier.,Editorial research note; verify individually before publishing,https://www.marvel.com/tv-shows/,potential spoilers
2,The Falcon and the Winter Soldier,7,On-screen connection / production context,The Flag Smashers connect their cause to post-Blip displacement.,Editorial research note; verify individually before publishing,https://www.marvel.com/tv-shows/,potential spoilers
2,The Falcon and the Winter Soldier,8,On-screen connection / production context,The Dora Milaje enter the story and confront Zemo.,Editorial research note; verify individually before publishing,https://www.marvel.com/tv-shows/,potential spoilers
2,The Falcon and the Winter Soldier,9,On-screen connection / production context,Valentina Allegra de Fontaine recruits Walker.,Editorial research note; verify individually before publishing,https://www.marvel.com/tv-shows/,potential spoilers
2,The Falcon and the Winter Soldier,10,On-screen connection / production context,Walker adopts the U.S. Agent identity.,Editorial research note; verify individually before publishing,https://www.marvel.com/tv-shows/,potential spoilers
2,The Falcon and the Winter Soldier,11,On-screen connection / production context,Sam becomes Captain America in a Wakandan-made suit.,Editorial research note; verify individually before publishing,https://www.marvel.com/tv-shows/,potential spoilers
2,The Falcon and the Winter Soldier,12,On-screen connection / production context,The Global Repatriation Council is tied to Endgame's reversed Snap.,Editorial research note; verify individually before publishing,https://www.marvel.com/tv-shows/,potential spoilers
2,Loki,1,On-screen connection / production context,The variant's escape begins during Avengers: Endgame's 2012 time heist.,Editorial research note; verify individually before publishing,https://www.marvel.com/tv-shows/,potential spoilers
2,Loki,2,On-screen connection / production context,The Tesseract is confiscated by the Time Variance Authority.,Editorial research note; verify individually before publishing,https://www.marvel.com/tv-shows/,potential spoilers
2,Loki,3,On-screen connection / production context,TVA drawers contain inert Infinity Stones.,Editorial research note; verify individually before publishing,https://www.marvel.com/tv-shows/,potential spoilers
2,Loki,4,On-screen connection / production context,The Sacred Timeline presentation recontextualizes Avengers time travel.,Editorial research note; verify individually before publishing,https://www.marvel.com/tv-shows/,potential spoilers
2,Loki,5,On-screen connection / production context,Miss Minutes acts as the TVA's animated mascot.,Editorial research note; verify individually before publishing,https://www.marvel.com/tv-shows/,potential spoilers
2,Loki,6,On-screen connection / production context,Sylvie is another Loki variant rather than simply the same timeline incarnation.,Editorial research note; verify individually before publishing,https://www.marvel.com/tv-shows/,potential spoilers
2,Loki,7,On-screen connection / production context,The Void contains objects and references from erased histories.,Editorial research note; verify individually before publishing,https://www.marvel.com/tv-shows/,potential spoilers
2,Loki,8,On-screen connection / production context,Alligator Loki appears among the variants.,Editorial research note; verify individually before publishing,https://www.marvel.com/tv-shows/,potential spoilers
2,Loki,9,On-screen connection / production context,The Citadel at the End of Time introduces He Who Remains.,Editorial research note; verify individually before publishing,https://www.marvel.com/tv-shows/,potential spoilers
2,Loki,10,On-screen connection / production context,Victor Timely appears in the second season.,Editorial research note; verify individually before publishing,https://www.marvel.com/tv-shows/,potential spoilers
2,Loki,11,On-screen connection / production context,The temporal loom crisis culminates in Loki reshaping the timeline structure.,Editorial research note; verify individually before publishing,https://www.marvel.com/tv-shows/,potential spoilers
2,Loki,12,On-screen connection / production context,The TVA is incorporated into Deadpool & Wolverine.,Editorial research note; verify individually before publishing,https://www.marvel.com/tv-shows/,potential spoilers
2,Loki,13,On-screen connection / production context,The phrase 'glorious purpose' is reused and transformed through Loki's arc.,Editorial research note; verify individually before publishing,https://www.marvel.com/tv-shows/,potential spoilers
2,Hawkeye,1,On-screen connection / production context,Clint's guilt over Natasha's sacrifice in Endgame shapes his story.,Editorial research note; verify individually before publishing,https://www.marvel.com/tv-shows/,potential spoilers
2,Hawkeye,2,On-screen connection / production context,Kate Bishop encounters the Ronin suit introduced in Endgame.,Editorial research note; verify individually before publishing,https://www.marvel.com/tv-shows/,potential spoilers
2,Hawkeye,3,On-screen connection / production context,The Battle of New York appears in the opening flashback.,Editorial research note; verify individually before publishing,https://www.marvel.com/tv-shows/,potential spoilers
2,Hawkeye,4,On-screen connection / production context,The Broadway musical Rogers dramatizes the Avengers battle.,Editorial research note; verify individually before publishing,https://www.marvel.com/tv-shows/,potential spoilers
2,Hawkeye,5,On-screen connection / production context,Yelena Belova returns from Black Widow's post-credit scene.,Editorial research note; verify individually before publishing,https://www.marvel.com/tv-shows/,potential spoilers
2,Hawkeye,6,On-screen connection / production context,Kingpin is revealed behind elements of the criminal plot.,Editorial research note; verify individually before publishing,https://www.marvel.com/tv-shows/,potential spoilers
2,Hawkeye,7,On-screen connection / production context,Echo/Maya Lopez is introduced and later receives a standalone series.,Editorial research note; verify individually before publishing,https://www.marvel.com/tv-shows/,potential spoilers
2,Hawkeye,8,On-screen connection / production context,Lucky the Pizza Dog adapts a notable comics companion.,Editorial research note; verify individually before publishing,https://www.marvel.com/tv-shows/,potential spoilers
2,Hawkeye,9,On-screen connection / production context,Kate learns archery from the hero who saved her childhood home.,Editorial research note; verify individually before publishing,https://www.marvel.com/tv-shows/,potential spoilers
2,Hawkeye,10,On-screen connection / production context,Clint uses varied trick arrows referencing his long-running gadget arsenal.,Editorial research note; verify individually before publishing,https://www.marvel.com/tv-shows/,potential spoilers
2,Hawkeye,11,On-screen connection / production context,The watch recovered at auction connects to Laura Barton.,Editorial research note; verify individually before publishing,https://www.marvel.com/tv-shows/,potential spoilers
2,Hawkeye,12,On-screen connection / production context,The series is set during the Christmas season after Endgame.,Editorial research note; verify individually before publishing,https://www.marvel.com/tv-shows/,potential spoilers
2,Moon Knight,1,On-screen connection / production context,Marc Spector and Steven Grant share a body as separate identities.,Editorial research note; verify individually before publishing,https://www.marvel.com/tv-shows/,potential spoilers
2,Moon Knight,2,On-screen connection / production context,Khonshu serves as the Egyptian moon god tied to Moon Knight.,Editorial research note; verify individually before publishing,https://www.marvel.com/tv-shows/,potential spoilers
2,Moon Knight,3,On-screen connection / production context,The series uses Egyptian mythology rather than a conventional Avengers crossover.,Editorial research note; verify individually before publishing,https://www.marvel.com/tv-shows/,potential spoilers
2,Moon Knight,4,On-screen connection / production context,Arthur Harrow serves the goddess Ammit.,Editorial research note; verify individually before publishing,https://www.marvel.com/tv-shows/,potential spoilers
2,Moon Knight,5,On-screen connection / production context,Layla gains a connection to Taweret and the Scarlet Scarab persona.,Editorial research note; verify individually before publishing,https://www.marvel.com/tv-shows/,potential spoilers
2,Moon Knight,6,On-screen connection / production context,The hospital sequence blurs reality and an Egyptian afterlife.,Editorial research note; verify individually before publishing,https://www.marvel.com/tv-shows/,potential spoilers
2,Moon Knight,7,On-screen connection / production context,The Duat appears as the realm traversed after death.,Editorial research note; verify individually before publishing,https://www.marvel.com/tv-shows/,potential spoilers
2,Moon Knight,8,On-screen connection / production context,Steven's interest in Egyptology foreshadows the deity plot.,Editorial research note; verify individually before publishing,https://www.marvel.com/tv-shows/,potential spoilers
2,Moon Knight,9,On-screen connection / production context,The post-credits scene introduces Jake Lockley as another alter.,Editorial research note; verify individually before publishing,https://www.marvel.com/tv-shows/,potential spoilers
2,Moon Knight,10,On-screen connection / production context,Khonshu's costume visually adapts his bird-skull comics imagery.,Editorial research note; verify individually before publishing,https://www.marvel.com/tv-shows/,potential spoilers
2,Ms. Marvel,1,On-screen connection / production context,Kamala Khan is a devoted Captain Marvel fan.,Editorial research note; verify individually before publishing,https://www.marvel.com/tv-shows/,potential spoilers
2,Ms. Marvel,2,On-screen connection / production context,AvengersCon celebrates in-universe MCU heroes.,Editorial research note; verify individually before publishing,https://www.marvel.com/tv-shows/,potential spoilers
2,Ms. Marvel,3,On-screen connection / production context,The family bangle is connected to Kamala's powers and history.,Editorial research note; verify individually before publishing,https://www.marvel.com/tv-shows/,potential spoilers
2,Ms. Marvel,4,On-screen connection / production context,Kamala's grandmother and Partition history become central to the plot.,Editorial research note; verify individually before publishing,https://www.marvel.com/tv-shows/,potential spoilers
2,Ms. Marvel,5,On-screen connection / production context,The story features the Clandestines and the Noor dimension.,Editorial research note; verify individually before publishing,https://www.marvel.com/tv-shows/,potential spoilers
2,Ms. Marvel,6,On-screen connection / production context,Bruno suggests a mutation in Kamala's genes.,Editorial research note; verify individually before publishing,https://www.marvel.com/tv-shows/,potential spoilers
2,Ms. Marvel,7,On-screen connection / production context,The 'mutation' reveal uses a musical cue associated with X-Men animation.,Editorial research note; verify individually before publishing,https://www.marvel.com/tv-shows/,potential spoilers
2,Ms. Marvel,8,On-screen connection / production context,The finale post-credit leads into The Marvels.,Editorial research note; verify individually before publishing,https://www.marvel.com/tv-shows/,potential spoilers
2,Ms. Marvel,9,On-screen connection / production context,Kamala's homemade superhero costume draws on Carol Danvers imagery.,Editorial research note; verify individually before publishing,https://www.marvel.com/tv-shows/,potential spoilers
2,Ms. Marvel,10,On-screen connection / production context,Damage Control's investigation connects to the MCU's superhero bureaucracy.,Editorial research note; verify individually before publishing,https://www.marvel.com/tv-shows/,potential spoilers
2,She-Hulk: Attorney at Law,1,On-screen connection / production context,Jennifer Walters acquires Hulk-like abilities following exposure to Bruce Banner's blood.,Editorial research note; verify individually before publishing,https://www.marvel.com/tv-shows/,potential spoilers
2,She-Hulk: Attorney at Law,2,On-screen connection / production context,Bruce Banner returns to train Jennifer in Hulk physiology.,Editorial research note; verify individually before publishing,https://www.marvel.com/tv-shows/,potential spoilers
2,She-Hulk: Attorney at Law,3,On-screen connection / production context,Emil Blonsky/Abomination returns from The Incredible Hulk.,Editorial research note; verify individually before publishing,https://www.marvel.com/tv-shows/,potential spoilers
2,She-Hulk: Attorney at Law,4,On-screen connection / production context,Wong represents Blonsky during his parole issue.,Editorial research note; verify individually before publishing,https://www.marvel.com/tv-shows/,potential spoilers
2,She-Hulk: Attorney at Law,5,On-screen connection / production context,Daredevil appears as both lawyer Matt Murdock and vigilante.,Editorial research note; verify individually before publishing,https://www.marvel.com/tv-shows/,potential spoilers
2,She-Hulk: Attorney at Law,6,On-screen connection / production context,The show uses fourth-wall breaks associated with She-Hulk comics.,Editorial research note; verify individually before publishing,https://www.marvel.com/tv-shows/,potential spoilers
2,She-Hulk: Attorney at Law,7,On-screen connection / production context,The finale enters a Marvel Studios-style interface and confronts a fictional K.E.V.I.N.,Editorial research note; verify individually before publishing,https://www.marvel.com/tv-shows/,potential spoilers
2,She-Hulk: Attorney at Law,8,On-screen connection / production context,Titania is introduced as Jennifer's recurring rival.,Editorial research note; verify individually before publishing,https://www.marvel.com/tv-shows/,potential spoilers
2,She-Hulk: Attorney at Law,9,On-screen connection / production context,The courtroom/legal framing recalls Jennifer's comics profession.,Editorial research note; verify individually before publishing,https://www.marvel.com/tv-shows/,potential spoilers
2,She-Hulk: Attorney at Law,10,On-screen connection / production context,The finale introduces Bruce's son Skaar.,Editorial research note; verify individually before publishing,https://www.marvel.com/tv-shows/,potential spoilers
2,Secret Invasion,1,On-screen connection / production context,Nick Fury returns to Earth amid allegations of Skrull infiltration.,Editorial research note; verify individually before publishing,https://www.marvel.com/tv-shows/,potential spoilers
2,Secret Invasion,2,On-screen connection / production context,Talos continues the Skrull arc begun in Captain Marvel.,Editorial research note; verify individually before publishing,https://www.marvel.com/tv-shows/,potential spoilers
2,Secret Invasion,3,On-screen connection / production context,The show references Skrulls displaced after Captain Marvel.,Editorial research note; verify individually before publishing,https://www.marvel.com/tv-shows/,potential spoilers
2,Secret Invasion,4,On-screen connection / production context,James Rhodes is implicated by a disguised Skrull reveal.,Editorial research note; verify individually before publishing,https://www.marvel.com/tv-shows/,potential spoilers
2,Secret Invasion,5,On-screen connection / production context,Gravik pursues Super Skrull powers.,Editorial research note; verify individually before publishing,https://www.marvel.com/tv-shows/,potential spoilers
2,Secret Invasion,6,On-screen connection / production context,"Extremis, Groot and other DNA samples figure in the Harvest concept.",Editorial research note; verify individually before publishing,https://www.marvel.com/tv-shows/,potential spoilers
2,Secret Invasion,7,On-screen connection / production context,G'iah gains the ability to use combined abilities in the finale.,Editorial research note; verify individually before publishing,https://www.marvel.com/tv-shows/,potential spoilers
2,Secret Invasion,8,On-screen connection / production context,Sonya Falsworth works within British intelligence.,Editorial research note; verify individually before publishing,https://www.marvel.com/tv-shows/,potential spoilers
2,Secret Invasion,9,On-screen connection / production context,The show addresses Fury's promise to find the Skrulls a home.,Editorial research note; verify individually before publishing,https://www.marvel.com/tv-shows/,potential spoilers
2,Secret Invasion,10,On-screen connection / production context,The premise revisits the comic-book Secret Invasion title with a different plot.,Editorial research note; verify individually before publishing,https://www.marvel.com/tv-shows/,potential spoilers
2,Echo,1,On-screen connection / production context,Maya Lopez continues from her introduction in Hawkeye.,Editorial research note; verify individually before publishing,https://www.marvel.com/tv-shows/,potential spoilers
2,Echo,2,On-screen connection / production context,Wilson Fisk/Kingpin's history with Maya drives the conflict.,Editorial research note; verify individually before publishing,https://www.marvel.com/tv-shows/,potential spoilers
2,Echo,3,On-screen connection / production context,Maya's childhood hearing loss shapes how the series presents sound.,Editorial research note; verify individually before publishing,https://www.marvel.com/tv-shows/,potential spoilers
2,Echo,4,On-screen connection / production context,The ancestral story connects Maya to Choctaw family history.,Editorial research note; verify individually before publishing,https://www.marvel.com/tv-shows/,potential spoilers
2,Echo,5,On-screen connection / production context,The story takes place in Oklahoma rather than New York.,Editorial research note; verify individually before publishing,https://www.marvel.com/tv-shows/,potential spoilers
2,Echo,6,On-screen connection / production context,Daredevil appears in a flashback confrontation.,Editorial research note; verify individually before publishing,https://www.marvel.com/tv-shows/,potential spoilers
2,Echo,7,On-screen connection / production context,The show uses a TV-MA presentation uncommon in earlier Disney+ MCU series.,Editorial research note; verify individually before publishing,https://www.marvel.com/tv-shows/,potential spoilers
2,Echo,8,On-screen connection / production context,The Kingpin encounter connects to Daredevil: Born Again.,Editorial research note; verify individually before publishing,https://www.marvel.com/tv-shows/,potential spoilers
2,Echo,9,On-screen connection / production context,Maya returns to her hometown and confronts her past.,Editorial research note; verify individually before publishing,https://www.marvel.com/tv-shows/,potential spoilers
2,Agatha All Along,1,On-screen connection / production context,Agatha Harkness returns after WandaVision's Westview spell.,Editorial research note; verify individually before publishing,https://www.marvel.com/tv-shows/,potential spoilers
2,Agatha All Along,2,On-screen connection / production context,The opening detective-show parody reflects Agatha's altered state.,Editorial research note; verify individually before publishing,https://www.marvel.com/tv-shows/,potential spoilers
2,Agatha All Along,3,On-screen connection / production context,The Witches' Road is invoked through a recurring ballad.,Editorial research note; verify individually before publishing,https://www.marvel.com/tv-shows/,potential spoilers
2,Agatha All Along,4,On-screen connection / production context,Billy Maximoff's identity reconnects the series to Wanda's family.,Editorial research note; verify individually before publishing,https://www.marvel.com/tv-shows/,potential spoilers
2,Agatha All Along,5,On-screen connection / production context,The Salem Seven pursue Agatha.,Editorial research note; verify individually before publishing,https://www.marvel.com/tv-shows/,potential spoilers
2,Agatha All Along,6,On-screen connection / production context,The coven's trials use different visual and musical eras.,Editorial research note; verify individually before publishing,https://www.marvel.com/tv-shows/,potential spoilers
2,Agatha All Along,7,On-screen connection / production context,The Darkhold remains part of Agatha's backstory.,Editorial research note; verify individually before publishing,https://www.marvel.com/tv-shows/,potential spoilers
2,Agatha All Along,8,On-screen connection / production context,Death is personified as Rio Vidal.,Editorial research note; verify individually before publishing,https://www.marvel.com/tv-shows/,potential spoilers
2,Agatha All Along,9,On-screen connection / production context,A later revelation changes the interpretation of the Witches' Road.,Editorial research note; verify individually before publishing,https://www.marvel.com/tv-shows/,potential spoilers
2,Agatha All Along,10,On-screen connection / production context,Agatha's story addresses her son's history.,Editorial research note; verify individually before publishing,https://www.marvel.com/tv-shows/,potential spoilers
2,Agatha All Along,11,On-screen connection / production context,The title was first teased through successive alternate titles in marketing.,Editorial research note; verify individually before publishing,https://www.marvel.com/tv-shows/,potential spoilers
2,Daredevil: Born Again,1,On-screen connection / production context,Charlie Cox reprises Matt Murdock from Marvel's Daredevil.,Editorial research note; verify individually before publishing,https://www.marvel.com/tv-shows/,potential spoilers
2,Daredevil: Born Again,2,On-screen connection / production context,Vincent D'Onofrio reprises Wilson Fisk.,Editorial research note; verify individually before publishing,https://www.marvel.com/tv-shows/,potential spoilers
2,Daredevil: Born Again,3,On-screen connection / production context,The story resumes central tensions between Matt and Fisk.,Editorial research note; verify individually before publishing,https://www.marvel.com/tv-shows/,potential spoilers
2,Daredevil: Born Again,4,On-screen connection / production context,Jon Bernthal returns as Frank Castle/Punisher.,Editorial research note; verify individually before publishing,https://www.marvel.com/tv-shows/,potential spoilers
2,Daredevil: Born Again,5,On-screen connection / production context,Bullseye/Benjamin Poindexter returns from Netflix's Daredevil.,Editorial research note; verify individually before publishing,https://www.marvel.com/tv-shows/,potential spoilers
2,Daredevil: Born Again,6,On-screen connection / production context,Karen Page and Foggy Nelson return as characters.,Editorial research note; verify individually before publishing,https://www.marvel.com/tv-shows/,potential spoilers
2,Daredevil: Born Again,7,On-screen connection / production context,Fisk's political ambitions shape his New York power.,Editorial research note; verify individually before publishing,https://www.marvel.com/tv-shows/,potential spoilers
2,Daredevil: Born Again,8,On-screen connection / production context,Murdock's attorney identity remains central alongside vigilantism.,Editorial research note; verify individually before publishing,https://www.marvel.com/tv-shows/,potential spoilers
2,Daredevil: Born Again,9,On-screen connection / production context,The show makes explicit use of Netflix-era character histories.,Editorial research note; verify individually before publishing,https://www.marvel.com/tv-shows/,potential spoilers
2,Ironheart,1,On-screen connection / production context,Riri Williams returns following Black Panther: Wakanda Forever.,Editorial research note; verify individually before publishing,https://www.marvel.com/tv-shows/,potential spoilers
2,Ironheart,2,On-screen connection / production context,Her armor-building extends the engineering themes associated with Iron Man.,Editorial research note; verify individually before publishing,https://www.marvel.com/tv-shows/,potential spoilers
2,Ironheart,3,On-screen connection / production context,The series is primarily set in Chicago.,Editorial research note; verify individually before publishing,https://www.marvel.com/tv-shows/,potential spoilers
2,Ironheart,4,On-screen connection / production context,Parker Robbins/the Hood introduces a magic-versus-technology conflict.,Editorial research note; verify individually before publishing,https://www.marvel.com/tv-shows/,potential spoilers
2,Ironheart,5,On-screen connection / production context,Riri's MIT background connects to her Black Panther introduction.,Editorial research note; verify individually before publishing,https://www.marvel.com/tv-shows/,potential spoilers
2,Ironheart,6,On-screen connection / production context,The show contrasts engineered armor and supernatural empowerment.,Editorial research note; verify individually before publishing,https://www.marvel.com/tv-shows/,potential spoilers
2,Ironheart,7,On-screen connection / production context,Riri's family and grief motivate key decisions.,Editorial research note; verify individually before publishing,https://www.marvel.com/tv-shows/,potential spoilers
2,Ironheart,8,On-screen connection / production context,Its title recalls Ironheart's comics superhero identity.,Editorial research note; verify individually before publishing,https://www.marvel.com/tv-shows/,potential spoilers
2,What If...?,1,On-screen connection / production context,The Watcher narrates stories of alternate timelines.,Editorial research note; verify individually before publishing,https://www.marvel.com/tv-shows/,potential spoilers
2,What If...?,2,On-screen connection / production context,Peggy Carter becomes Captain Carter in a serum-swap reality.,Editorial research note; verify individually before publishing,https://www.marvel.com/tv-shows/,potential spoilers
2,What If...?,3,On-screen connection / production context,T'Challa becomes Star-Lord in an alternate Guardians story.,Editorial research note; verify individually before publishing,https://www.marvel.com/tv-shows/,potential spoilers
2,What If...?,4,On-screen connection / production context,A Doctor Strange variant's grief creates an alternate tragedy.,Editorial research note; verify individually before publishing,https://www.marvel.com/tv-shows/,potential spoilers
2,What If...?,5,On-screen connection / production context,Ultron acquires the Infinity Stones in an alternate story.,Editorial research note; verify individually before publishing,https://www.marvel.com/tv-shows/,potential spoilers
2,What If...?,6,On-screen connection / production context,The series includes a Marvel Zombies-inspired scenario.,Editorial research note; verify individually before publishing,https://www.marvel.com/tv-shows/,potential spoilers
2,What If...?,7,On-screen connection / production context,Different episodes mix characters from films otherwise separated by chronology.,Editorial research note; verify individually before publishing,https://www.marvel.com/tv-shows/,potential spoilers
2,What If...?,8,On-screen connection / production context,The Watcher crosses from narrator into participant during multiverse crises.,Editorial research note; verify individually before publishing,https://www.marvel.com/tv-shows/,potential spoilers
2,What If...?,9,On-screen connection / production context,Captain Carter returns across multiple stories.,Editorial research note; verify individually before publishing,https://www.marvel.com/tv-shows/,potential spoilers
2,What If...?,10,On-screen connection / production context,The animated style enables actors to reprise character voices.,Editorial research note; verify individually before publishing,https://www.marvel.com/tv-shows/,potential spoilers
2,I Am Groot,1,On-screen connection / production context,Baby Groot is the central character of the animated shorts.,Editorial research note; verify individually before publishing,https://www.marvel.com/tv-shows/,potential spoilers
2,I Am Groot,2,On-screen connection / production context,The character originates from the Guardians of the Galaxy films.,Editorial research note; verify individually before publishing,https://www.marvel.com/tv-shows/,potential spoilers
2,I Am Groot,3,On-screen connection / production context,Rocket appears in the shorts.,Editorial research note; verify individually before publishing,https://www.marvel.com/tv-shows/,potential spoilers
2,I Am Groot,4,On-screen connection / production context,The stories emphasize Groot's mischievous behavior between larger adventures.,Editorial research note; verify individually before publishing,https://www.marvel.com/tv-shows/,potential spoilers
2,I Am Groot,5,On-screen connection / production context,The series is made of short standalone vignettes.,Editorial research note; verify individually before publishing,https://www.marvel.com/tv-shows/,potential spoilers
2,I Am Groot,6,On-screen connection / production context,The title uses Groot's familiar catchphrase from the movies.,Editorial research note; verify individually before publishing,https://www.marvel.com/tv-shows/,potential spoilers
2,Marvel Zombies,1,On-screen connection / production context,The animated series expands the zombie premise explored in What If...?.,Editorial research note; verify individually before publishing,https://www.marvel.com/tv-shows/,potential spoilers
2,Marvel Zombies,2,On-screen connection / production context,The premise uses Marvel characters in a horror-tinged alternate reality.,Editorial research note; verify individually before publishing,https://www.marvel.com/tv-shows/,potential spoilers
2,Marvel Zombies,3,On-screen connection / production context,It takes its name from a Marvel Comics zombie series.,Editorial research note; verify individually before publishing,https://www.marvel.com/tv-shows/,potential spoilers
2,Marvel Zombies,4,On-screen connection / production context,The series is not the mainline live-action MCU timeline.,Editorial research note; verify individually before publishing,https://www.marvel.com/tv-shows/,potential spoilers
2,Marvel Zombies,5,On-screen connection / production context,Its use of familiar heroes changes their roles in an undead setting.,Editorial research note; verify individually before publishing,https://www.marvel.com/tv-shows/,potential spoilers
2,Wonder Man,1,On-screen connection / production context,Simon Williams is drawn from Marvel's Wonder Man comics.,Editorial research note; verify individually before publishing,https://www.marvel.com/tv-shows/,potential spoilers
2,Wonder Man,2,On-screen connection / production context,The adaptation focuses on entertainment-industry life alongside superhero themes.,Editorial research note; verify individually before publishing,https://www.marvel.com/tv-shows/,potential spoilers
2,Wonder Man,3,On-screen connection / production context,Trevor Slattery connects the series to Iron Man 3 and Shang-Chi.,Editorial research note; verify individually before publishing,https://www.marvel.com/tv-shows/,potential spoilers
2,Wonder Man,4,On-screen connection / production context,Trevor's history as a performer provides an in-universe Hollywood link.,Editorial research note; verify individually before publishing,https://www.marvel.com/tv-shows/,potential spoilers
2,Wonder Man,5,On-screen connection / production context,The story distinguishes an actor's public performance from hidden superpowers.,Editorial research note; verify individually before publishing,https://www.marvel.com/tv-shows/,potential spoilers
2,VisionQuest,1,On-screen connection / production context,The announced project follows the Vision-related storyline beyond WandaVision.,Editorial research note; verify individually before publishing,https://www.marvel.com/tv-shows/,potential spoilers
2,VisionQuest,2,On-screen connection / production context,White Vision was last seen leaving Westview in WandaVision.,Editorial research note; verify individually before publishing,https://www.marvel.com/tv-shows/,potential spoilers
2,VisionQuest,3,On-screen connection / production context,The Vision character first took shape as J.A.R.V.I.S.-based synthezoid in Age of Ultron.,Editorial research note; verify individually before publishing,https://www.marvel.com/tv-shows/,potential spoilers
2,VisionQuest,4,On-screen connection / production context,WandaVision depicts the Hex version and physical White Vision separately.,Editorial research note; verify individually before publishing,https://www.marvel.com/tv-shows/,potential spoilers
2,VisionQuest,5,On-screen connection / production context,Details beyond official announcements should be labeled unconfirmed.,Editorial research note; verify individually before publishing,https://www.marvel.com/tv-shows/,potential spoilers
2,Eyes of Wakanda,1,On-screen connection / production context,The animated series explores Wakandan history across earlier periods.,Editorial research note; verify individually before publishing,https://www.marvel.com/tv-shows/,potential spoilers
2,Eyes of Wakanda,2,On-screen connection / production context,Vibranium is central to Wakanda's technological and cultural development.,Editorial research note; verify individually before publishing,https://www.marvel.com/tv-shows/,potential spoilers
2,Eyes of Wakanda,3,On-screen connection / production context,It expands the setting beyond the modern Black Panther films.,Editorial research note; verify individually before publishing,https://www.marvel.com/tv-shows/,potential spoilers
2,Eyes of Wakanda,4,On-screen connection / production context,Its anthology framing allows separate times and protagonists.,Editorial research note; verify individually before publishing,https://www.marvel.com/tv-shows/,potential spoilers
2,Eyes of Wakanda,5,On-screen connection / production context,The name Hatut Zeraze connects to established Wakandan lore.,Editorial research note; verify individually before publishing,https://www.marvel.com/tv-shows/,potential spoilers
2,Your Friendly Neighborhood Spider-Man,1,On-screen connection / production context,The animated show uses a different continuity from Tom Holland's film chronology.,Editorial research note; verify individually before publishing,https://www.marvel.com/tv-shows/,potential spoilers
2,Your Friendly Neighborhood Spider-Man,2,On-screen connection / production context,Norman Osborn acts as a mentor figure in this version of Peter Parker's origin.,Editorial research note; verify individually before publishing,https://www.marvel.com/tv-shows/,potential spoilers
2,Your Friendly Neighborhood Spider-Man,3,On-screen connection / production context,It draws on visual style and iconography from early Spider-Man comics.,Editorial research note; verify individually before publishing,https://www.marvel.com/tv-shows/,potential spoilers
2,Your Friendly Neighborhood Spider-Man,4,On-screen connection / production context,Peter's homemade suit designs trace his progression toward heroism.,Editorial research note; verify individually before publishing,https://www.marvel.com/tv-shows/,potential spoilers
2,Your Friendly Neighborhood Spider-Man,5,On-screen connection / production context,The series includes familiar street-level Marvel characters in new roles.,Editorial research note; verify individually before publishing,https://www.marvel.com/tv-shows/,potential spoilers
2,Your Friendly Neighborhood Spider-Man,6,On-screen connection / production context,Its alternate continuity avoids forcing details to match Homecoming.,Editorial research note; verify individually before publishing,https://www.marvel.com/tv-shows/,potential spoilers
2,X-Men '97,1,On-screen connection / production context,The series continues X-Men: The Animated Series rather than the Fox film continuity.,Editorial research note; verify individually before publishing,https://www.marvel.com/tv-shows/,potential spoilers
2,X-Men '97,2,On-screen connection / production context,It opens after the apparent loss of Professor Xavier.,Editorial research note; verify individually before publishing,https://www.marvel.com/tv-shows/,potential spoilers
2,X-Men '97,3,On-screen connection / production context,Magneto receives a changed role within the X-Men.,Editorial research note; verify individually before publishing,https://www.marvel.com/tv-shows/,potential spoilers
2,X-Men '97,4,On-screen connection / production context,Its title and visual presentation intentionally evoke 1990s animation.,Editorial research note; verify individually before publishing,https://www.marvel.com/tv-shows/,potential spoilers
2,X-Men '97,5,On-screen connection / production context,The opening theme reprises the classic animated-series music.,Editorial research note; verify individually before publishing,https://www.marvel.com/tv-shows/,potential spoilers
2,X-Men '97,6,On-screen connection / production context,The Sentinel threat remains central.,Editorial research note; verify individually before publishing,https://www.marvel.com/tv-shows/,potential spoilers
2,X-Men '97,7,On-screen connection / production context,The Genosha storyline adapts well-known comics material.,Editorial research note; verify individually before publishing,https://www.marvel.com/tv-shows/,potential spoilers
2,X-Men '97,8,On-screen connection / production context,Mister Sinister remains tied to continuing plotlines.,Editorial research note; verify individually before publishing,https://www.marvel.com/tv-shows/,potential spoilers
2,X-Men '97,9,On-screen connection / production context,The series features a version of Bastion.,Editorial research note; verify individually before publishing,https://www.marvel.com/tv-shows/,potential spoilers
2,X-Men '97,10,On-screen connection / production context,"Cyclops, Storm, Rogue and Wolverine are returning animated-series characters.",Editorial research note; verify individually before publishing,https://www.marvel.com/tv-shows/,potential spoilers
2,Werewolf by Night,1,On-screen connection / production context,The presentation recalls black-and-white classic monster cinema.,Editorial research note; verify individually before publishing,https://www.marvel.com/tv-shows/,potential spoilers
2,Werewolf by Night,2,On-screen connection / production context,Jack Russell is the titular werewolf.,Editorial research note; verify individually before publishing,https://www.marvel.com/tv-shows/,potential spoilers
2,Werewolf by Night,3,On-screen connection / production context,"Man-Thing appears as Ted, an ally rather than just a monster.",Editorial research note; verify individually before publishing,https://www.marvel.com/tv-shows/,potential spoilers
2,Werewolf by Night,4,On-screen connection / production context,Elsa Bloodstone connects the special to supernatural Marvel lore.,Editorial research note; verify individually before publishing,https://www.marvel.com/tv-shows/,potential spoilers
2,Werewolf by Night,5,On-screen connection / production context,The Bloodstone artifact is central to the hunt.,Editorial research note; verify individually before publishing,https://www.marvel.com/tv-shows/,potential spoilers
2,Werewolf by Night,6,On-screen connection / production context,Color is used selectively in the largely monochrome presentation.,Editorial research note; verify individually before publishing,https://www.marvel.com/tv-shows/,potential spoilers
2,Werewolf by Night,7,On-screen connection / production context,The monster-hunting format differs from the main MCU superhero approach.,Editorial research note; verify individually before publishing,https://www.marvel.com/tv-shows/,potential spoilers
2,The Guardians of the Galaxy Holiday Special,1,On-screen connection / production context,"Kevin Bacon appears as himself, following Guardians references to his films.",Editorial research note; verify individually before publishing,https://www.marvel.com/tv-shows/,potential spoilers
2,The Guardians of the Galaxy Holiday Special,2,On-screen connection / production context,Mantis reveals that she and Peter Quill are siblings.,Editorial research note; verify individually before publishing,https://www.marvel.com/tv-shows/,potential spoilers
2,The Guardians of the Galaxy Holiday Special,3,On-screen connection / production context,Drax and Mantis visit Earth seeking a present for Peter.,Editorial research note; verify individually before publishing,https://www.marvel.com/tv-shows/,potential spoilers
2,The Guardians of the Galaxy Holiday Special,4,On-screen connection / production context,Knowhere is shown as the Guardians' home base.,Editorial research note; verify individually before publishing,https://www.marvel.com/tv-shows/,potential spoilers
2,The Guardians of the Galaxy Holiday Special,5,On-screen connection / production context,The special uses a holiday-music format.,Editorial research note; verify individually before publishing,https://www.marvel.com/tv-shows/,potential spoilers
2,The Guardians of the Galaxy Holiday Special,6,On-screen connection / production context,Cosmo the Spacedog appears alongside the team.,Editorial research note; verify individually before publishing,https://www.marvel.com/tv-shows/,potential spoilers
2,The Guardians of the Galaxy Holiday Special,7,On-screen connection / production context,It takes place between Thor: Love and Thunder and Guardians of the Galaxy Vol. 3.,Editorial research note; verify individually before publishing,https://www.marvel.com/tv-shows/,potential spoilers
2,The Punisher: One Last Kill,1,On-screen connection / production context,Jon Bernthal reprises Frank Castle.,Editorial research note; verify individually before publishing,https://www.marvel.com/tv-shows/,potential spoilers
2,The Punisher: One Last Kill,2,On-screen connection / production context,The special is an extension of the street-level Punisher story.,Editorial research note; verify individually before publishing,https://www.marvel.com/tv-shows/,potential spoilers
2,The Punisher: One Last Kill,3,On-screen connection / production context,The Punisher character also appears in Marvel's Daredevil and The Punisher.,Editorial research note; verify individually before publishing,https://www.marvel.com/tv-shows/,potential spoilers
2,The Punisher: One Last Kill,4,On-screen connection / production context,Its title signals an additional standalone Punisher installment.,Editorial research note; verify individually before publishing,https://www.marvel.com/tv-shows/,potential spoilers
2,The Punisher: One Last Kill,5,On-screen connection / production context,Marvel lists the special as a 2026 television project.,Editorial research note; verify individually before publishing,https://www.marvel.com/tv-shows/,potential spoilers
3,Daredevil,1,On-screen connection / production context,Matt Murdock practices law while operating as a vigilante in Hell's Kitchen.,Editorial research note; verify individually before publishing,https://www.marvel.com/tv-shows/,potential spoilers
3,Daredevil,2,On-screen connection / production context,Wilson Fisk becomes a central antagonist across the series.,Editorial research note; verify individually before publishing,https://www.marvel.com/tv-shows/,potential spoilers
3,Daredevil,3,On-screen connection / production context,The hallway fight sequence in season one became a widely discussed action set-piece.,Editorial research note; verify individually before publishing,https://www.marvel.com/tv-shows/,potential spoilers
3,Daredevil,4,On-screen connection / production context,The Hand connects Daredevil's second season to The Defenders.,Editorial research note; verify individually before publishing,https://www.marvel.com/tv-shows/,potential spoilers
3,Daredevil,5,On-screen connection / production context,Frank Castle debuts in season two and leads into The Punisher.,Editorial research note; verify individually before publishing,https://www.marvel.com/tv-shows/,potential spoilers
3,Daredevil,6,On-screen connection / production context,Elektra Natchios joins the Hand narrative.,Editorial research note; verify individually before publishing,https://www.marvel.com/tv-shows/,potential spoilers
3,Daredevil,7,On-screen connection / production context,Jessica Jones and other defenders share the wider Netflix-era setting.,Editorial research note; verify individually before publishing,https://www.marvel.com/tv-shows/,potential spoilers
3,Daredevil,8,On-screen connection / production context,Claire Temple appears across multiple Netflix-era Marvel shows.,Editorial research note; verify individually before publishing,https://www.marvel.com/tv-shows/,potential spoilers
3,Daredevil,9,On-screen connection / production context,Benjamin Poindexter's abilities develop toward Bullseye in season three.,Editorial research note; verify individually before publishing,https://www.marvel.com/tv-shows/,potential spoilers
3,Daredevil,10,On-screen connection / production context,The story continues through characters reappearing in Hawkeye and Born Again.,Editorial research note; verify individually before publishing,https://www.marvel.com/tv-shows/,potential spoilers
3,Jessica Jones,1,On-screen connection / production context,Jessica's history with Kilgrave drives season one.,Editorial research note; verify individually before publishing,https://www.marvel.com/tv-shows/,potential spoilers
3,Jessica Jones,2,On-screen connection / production context,Luke Cage appears before his standalone series.,Editorial research note; verify individually before publishing,https://www.marvel.com/tv-shows/,potential spoilers
3,Jessica Jones,3,On-screen connection / production context,Trish Walker's transformation leads to Hellcat-related storylines.,Editorial research note; verify individually before publishing,https://www.marvel.com/tv-shows/,potential spoilers
3,Jessica Jones,4,On-screen connection / production context,Hogarth appears across the Netflix Marvel shows.,Editorial research note; verify individually before publishing,https://www.marvel.com/tv-shows/,potential spoilers
3,Jessica Jones,5,On-screen connection / production context,The Alias Investigations name references the Alias comics source.,Editorial research note; verify individually before publishing,https://www.marvel.com/tv-shows/,potential spoilers
3,Jessica Jones,6,On-screen connection / production context,Jessica joins the team in The Defenders.,Editorial research note; verify individually before publishing,https://www.marvel.com/tv-shows/,potential spoilers
3,Jessica Jones,7,On-screen connection / production context,Malcolm Ducasse recurs throughout the series.,Editorial research note; verify individually before publishing,https://www.marvel.com/tv-shows/,potential spoilers
3,Jessica Jones,8,On-screen connection / production context,The show emphasizes psychological manipulation rather than larger Avengers conflicts.,Editorial research note; verify individually before publishing,https://www.marvel.com/tv-shows/,potential spoilers
3,Luke Cage,1,On-screen connection / production context,Luke's unbreakable skin gives the series its Harlem-centered superhero premise.,Editorial research note; verify individually before publishing,https://www.marvel.com/tv-shows/,potential spoilers
3,Luke Cage,2,On-screen connection / production context,Jessica Jones introduces Luke before his own series.,Editorial research note; verify individually before publishing,https://www.marvel.com/tv-shows/,potential spoilers
3,Luke Cage,3,On-screen connection / production context,Claire Temple bridges Luke Cage with Daredevil and other Netflix shows.,Editorial research note; verify individually before publishing,https://www.marvel.com/tv-shows/,potential spoilers
3,Luke Cage,4,On-screen connection / production context,Misty Knight is introduced as a police detective.,Editorial research note; verify individually before publishing,https://www.marvel.com/tv-shows/,potential spoilers
3,Luke Cage,5,On-screen connection / production context,Colleen Wing later joins the crossover network.,Editorial research note; verify individually before publishing,https://www.marvel.com/tv-shows/,potential spoilers
3,Luke Cage,6,On-screen connection / production context,Cottonmouth is a central early villain.,Editorial research note; verify individually before publishing,https://www.marvel.com/tv-shows/,potential spoilers
3,Luke Cage,7,On-screen connection / production context,Mariah Dillard's political and criminal connections evolve.,Editorial research note; verify individually before publishing,https://www.marvel.com/tv-shows/,potential spoilers
3,Luke Cage,8,On-screen connection / production context,Danny Rand appears as a guest in the second season.,Editorial research note; verify individually before publishing,https://www.marvel.com/tv-shows/,potential spoilers
3,Luke Cage,9,On-screen connection / production context,The Defenders brings Luke together with the street-level heroes.,Editorial research note; verify individually before publishing,https://www.marvel.com/tv-shows/,potential spoilers
3,Iron Fist,1,On-screen connection / production context,Danny Rand returns to New York after training in K'un-Lun.,Editorial research note; verify individually before publishing,https://www.marvel.com/tv-shows/,potential spoilers
3,Iron Fist,2,On-screen connection / production context,The glowing fist visualizes his chi-powered abilities.,Editorial research note; verify individually before publishing,https://www.marvel.com/tv-shows/,potential spoilers
3,Iron Fist,3,On-screen connection / production context,Colleen Wing becomes a major ally and protagonist.,Editorial research note; verify individually before publishing,https://www.marvel.com/tv-shows/,potential spoilers
3,Iron Fist,4,On-screen connection / production context,The Hand is a shared villainous organization with Daredevil.,Editorial research note; verify individually before publishing,https://www.marvel.com/tv-shows/,potential spoilers
3,Iron Fist,5,On-screen connection / production context,Madame Gao connects the series to Daredevil.,Editorial research note; verify individually before publishing,https://www.marvel.com/tv-shows/,potential spoilers
3,Iron Fist,6,On-screen connection / production context,"Danny joins Daredevil, Luke Cage and Jessica Jones in The Defenders.",Editorial research note; verify individually before publishing,https://www.marvel.com/tv-shows/,potential spoilers
3,Iron Fist,7,On-screen connection / production context,Misty Knight crosses over from Luke Cage.,Editorial research note; verify individually before publishing,https://www.marvel.com/tv-shows/,potential spoilers
3,Iron Fist,8,On-screen connection / production context,The second season explores a transfer of the Iron Fist power.,Editorial research note; verify individually before publishing,https://www.marvel.com/tv-shows/,potential spoilers
3,The Defenders,1,On-screen connection / production context,"Daredevil, Jessica Jones, Luke Cage and Iron Fist meet as a team.",Editorial research note; verify individually before publishing,https://www.marvel.com/tv-shows/,potential spoilers
3,The Defenders,2,On-screen connection / production context,The Hand is their principal shared enemy.,Editorial research note; verify individually before publishing,https://www.marvel.com/tv-shows/,potential spoilers
3,The Defenders,3,On-screen connection / production context,"Sigourney Weaver plays Alexandra, a leader of the Hand.",Editorial research note; verify individually before publishing,https://www.marvel.com/tv-shows/,potential spoilers
3,The Defenders,4,On-screen connection / production context,Elektra returns after events of Daredevil.,Editorial research note; verify individually before publishing,https://www.marvel.com/tv-shows/,potential spoilers
3,The Defenders,5,On-screen connection / production context,The season functions as a crossover of four Netflix solo series.,Editorial research note; verify individually before publishing,https://www.marvel.com/tv-shows/,potential spoilers
3,The Defenders,6,On-screen connection / production context,The Midland Circle building becomes central to the confrontation.,Editorial research note; verify individually before publishing,https://www.marvel.com/tv-shows/,potential spoilers
3,The Defenders,7,On-screen connection / production context,Daredevil's apparent fate sets up his third season.,Editorial research note; verify individually before publishing,https://www.marvel.com/tv-shows/,potential spoilers
3,The Punisher,1,On-screen connection / production context,Frank Castle spins off from Daredevil season two.,Editorial research note; verify individually before publishing,https://www.marvel.com/tv-shows/,potential spoilers
3,The Punisher,2,On-screen connection / production context,Micro provides technical assistance.,Editorial research note; verify individually before publishing,https://www.marvel.com/tv-shows/,potential spoilers
3,The Punisher,3,On-screen connection / production context,Billy Russo develops into Jigsaw.,Editorial research note; verify individually before publishing,https://www.marvel.com/tv-shows/,potential spoilers
3,The Punisher,4,On-screen connection / production context,Dinah Madani investigates related operations.,Editorial research note; verify individually before publishing,https://www.marvel.com/tv-shows/,potential spoilers
3,The Punisher,5,On-screen connection / production context,Castle's military past drives the conspiracy.,Editorial research note; verify individually before publishing,https://www.marvel.com/tv-shows/,potential spoilers
3,The Punisher,6,On-screen connection / production context,Karen Page crosses over from Daredevil.,Editorial research note; verify individually before publishing,https://www.marvel.com/tv-shows/,potential spoilers
3,The Punisher,7,On-screen connection / production context,The Punisher's skull insignia is adapted from the comics.,Editorial research note; verify individually before publishing,https://www.marvel.com/tv-shows/,potential spoilers
3,The Punisher,8,On-screen connection / production context,Jon Bernthal later reprises Frank in the MCU-era Daredevil continuation.,Editorial research note; verify individually before publishing,https://www.marvel.com/tv-shows/,potential spoilers
3,Agents of S.H.I.E.L.D.,1,On-screen connection / production context,Phil Coulson returns after his apparent death in The Avengers.,Editorial research note; verify individually before publishing,https://www.marvel.com/tv-shows/,potential spoilers
3,Agents of S.H.I.E.L.D.,2,On-screen connection / production context,Project T.A.H.I.T.I. explains aspects of Coulson's return.,Editorial research note; verify individually before publishing,https://www.marvel.com/tv-shows/,potential spoilers
3,Agents of S.H.I.E.L.D.,3,On-screen connection / production context,The HYDRA infiltration from The Winter Soldier changes the series' direction.,Editorial research note; verify individually before publishing,https://www.marvel.com/tv-shows/,potential spoilers
3,Agents of S.H.I.E.L.D.,4,On-screen connection / production context,Lady Sif appears in crossover episodes.,Editorial research note; verify individually before publishing,https://www.marvel.com/tv-shows/,potential spoilers
3,Agents of S.H.I.E.L.D.,5,On-screen connection / production context,The Kree and Inhumans feature in later arcs.,Editorial research note; verify individually before publishing,https://www.marvel.com/tv-shows/,potential spoilers
3,Agents of S.H.I.E.L.D.,6,On-screen connection / production context,Ghost Rider/Robbie Reyes appears in season four.,Editorial research note; verify individually before publishing,https://www.marvel.com/tv-shows/,potential spoilers
3,Agents of S.H.I.E.L.D.,7,On-screen connection / production context,"The Darkhold appears before its later use in WandaVision, but should not be assumed to be the same physical book.",Editorial research note; verify individually before publishing,https://www.marvel.com/tv-shows/,potential spoilers
3,Agents of S.H.I.E.L.D.,8,On-screen connection / production context,The Framework is a simulated alternate reality.,Editorial research note; verify individually before publishing,https://www.marvel.com/tv-shows/,potential spoilers
3,Agents of S.H.I.E.L.D.,9,On-screen connection / production context,The series develops time-travel plots in later seasons.,Editorial research note; verify individually before publishing,https://www.marvel.com/tv-shows/,potential spoilers
3,Agents of S.H.I.E.L.D.,10,On-screen connection / production context,Its relation to the main MCU canon has been debated.,Editorial research note; verify individually before publishing,https://www.marvel.com/tv-shows/,potential spoilers
3,Agent Carter,1,On-screen connection / production context,Peggy Carter continues her story after Captain America: The First Avenger.,Editorial research note; verify individually before publishing,https://www.marvel.com/tv-shows/,potential spoilers
3,Agent Carter,2,On-screen connection / production context,Howard Stark is a major recurring figure.,Editorial research note; verify individually before publishing,https://www.marvel.com/tv-shows/,potential spoilers
3,Agent Carter,3,On-screen connection / production context,Edwin Jarvis appears as Howard Stark's butler.,Editorial research note; verify individually before publishing,https://www.marvel.com/tv-shows/,potential spoilers
3,Agent Carter,4,On-screen connection / production context,The first season centers on post-war New York.,Editorial research note; verify individually before publishing,https://www.marvel.com/tv-shows/,potential spoilers
3,Agent Carter,5,On-screen connection / production context,The second season moves to Los Angeles.,Editorial research note; verify individually before publishing,https://www.marvel.com/tv-shows/,potential spoilers
3,Agent Carter,6,On-screen connection / production context,The SSR is a predecessor in the history of S.H.I.E.L.D.,Editorial research note; verify individually before publishing,https://www.marvel.com/tv-shows/,potential spoilers
3,Agent Carter,7,On-screen connection / production context,Hayley Atwell reprises her role from the Captain America films.,Editorial research note; verify individually before publishing,https://www.marvel.com/tv-shows/,potential spoilers
3,Agent Carter,8,On-screen connection / production context,The series features the Black Widow program's earlier history.,Editorial research note; verify individually before publishing,https://www.marvel.com/tv-shows/,potential spoilers
3,Runaways,1,On-screen connection / production context,The teenage protagonists discover that their parents form the secret group PRIDE.,Editorial research note; verify individually before publishing,https://www.marvel.com/tv-shows/,potential spoilers
3,Runaways,2,On-screen connection / production context,Nico Minoru uses the Staff of One.,Editorial research note; verify individually before publishing,https://www.marvel.com/tv-shows/,potential spoilers
3,Runaways,3,On-screen connection / production context,Karolina Dean manifests alien-linked powers.,Editorial research note; verify individually before publishing,https://www.marvel.com/tv-shows/,potential spoilers
3,Runaways,4,On-screen connection / production context,Old Lace is a genetically engineered dinosaur companion.,Editorial research note; verify individually before publishing,https://www.marvel.com/tv-shows/,potential spoilers
3,Runaways,5,On-screen connection / production context,Cloak and Dagger cross over during the third season.,Editorial research note; verify individually before publishing,https://www.marvel.com/tv-shows/,potential spoilers
3,Runaways,6,On-screen connection / production context,The adaptation draws from the Brian K. Vaughan and Adrian Alphona comics.,Editorial research note; verify individually before publishing,https://www.marvel.com/tv-shows/,potential spoilers
3,Runaways,7,On-screen connection / production context,The series takes place primarily in Los Angeles.,Editorial research note; verify individually before publishing,https://www.marvel.com/tv-shows/,potential spoilers
3,Runaways,8,On-screen connection / production context,Time travel becomes part of the final season's story.,Editorial research note; verify individually before publishing,https://www.marvel.com/tv-shows/,potential spoilers
3,Cloak & Dagger,1,On-screen connection / production context,Tandy Bowen and Tyrone Johnson gain powers during a shared accident.,Editorial research note; verify individually before publishing,https://www.marvel.com/tv-shows/,potential spoilers
3,Cloak & Dagger,2,On-screen connection / production context,Tandy manifests light daggers.,Editorial research note; verify individually before publishing,https://www.marvel.com/tv-shows/,potential spoilers
3,Cloak & Dagger,3,On-screen connection / production context,Tyrone teleports through darkness.,Editorial research note; verify individually before publishing,https://www.marvel.com/tv-shows/,potential spoilers
3,Cloak & Dagger,4,On-screen connection / production context,Their abilities are shown to complement each other.,Editorial research note; verify individually before publishing,https://www.marvel.com/tv-shows/,potential spoilers
3,Cloak & Dagger,5,On-screen connection / production context,The Roxxon corporation provides a recurring MCU-related corporate reference.,Editorial research note; verify individually before publishing,https://www.marvel.com/tv-shows/,potential spoilers
3,Cloak & Dagger,6,On-screen connection / production context,The characters appear in Runaways season three.,Editorial research note; verify individually before publishing,https://www.marvel.com/tv-shows/,potential spoilers
3,Cloak & Dagger,7,On-screen connection / production context,The show draws on the Marvel Comics duo of the same name.,Editorial research note; verify individually before publishing,https://www.marvel.com/tv-shows/,potential spoilers
3,Cloak & Dagger,8,On-screen connection / production context,New Orleans is central to its setting.,Editorial research note; verify individually before publishing,https://www.marvel.com/tv-shows/,potential spoilers
3,Inhumans,1,On-screen connection / production context,The Royal Family lives in Attilan.,Editorial research note; verify individually before publishing,https://www.marvel.com/tv-shows/,potential spoilers
3,Inhumans,2,On-screen connection / production context,Black Bolt's voice has destructive power.,Editorial research note; verify individually before publishing,https://www.marvel.com/tv-shows/,potential spoilers
3,Inhumans,3,On-screen connection / production context,Medusa's animated hair is a signature ability.,Editorial research note; verify individually before publishing,https://www.marvel.com/tv-shows/,potential spoilers
3,Inhumans,4,On-screen connection / production context,Lockjaw is the family's teleporting giant dog.,Editorial research note; verify individually before publishing,https://www.marvel.com/tv-shows/,potential spoilers
3,Inhumans,5,On-screen connection / production context,The show centers on a political power struggle in Attilan.,Editorial research note; verify individually before publishing,https://www.marvel.com/tv-shows/,potential spoilers
3,Inhumans,6,On-screen connection / production context,Its characters share their comic origins with the Inhumans concept explored in Agents of S.H.I.E.L.D.,Editorial research note; verify individually before publishing,https://www.marvel.com/tv-shows/,potential spoilers
3,Inhumans,7,On-screen connection / production context,The television project is distinct from Black Bolt's Earth-838 cameo in Doctor Strange in the Multiverse of Madness.,Editorial research note; verify individually before publishing,https://www.marvel.com/tv-shows/,potential spoilers
3,Helstrom,1,On-screen connection / production context,Daimon and Ana Helstrom are siblings with supernatural abilities.,Editorial research note; verify individually before publishing,https://www.marvel.com/tv-shows/,potential spoilers
3,Helstrom,2,On-screen connection / production context,The show adapts characters associated with Marvel's occult comics.,Editorial research note; verify individually before publishing,https://www.marvel.com/tv-shows/,potential spoilers
3,Helstrom,3,On-screen connection / production context,Its horror tone separates it from typical Avengers narratives.,Editorial research note; verify individually before publishing,https://www.marvel.com/tv-shows/,potential spoilers
3,Helstrom,4,On-screen connection / production context,The series was distributed under Marvel Television-era development.,Editorial research note; verify individually before publishing,https://www.marvel.com/tv-shows/,potential spoilers
3,Helstrom,5,On-screen connection / production context,Its events have not been explicitly integrated into the mainline MCU film continuity.,Editorial research note; verify individually before publishing,https://www.marvel.com/tv-shows/,potential spoilers
3,Legion,1,On-screen connection / production context,David Haller is based on the comics son of Charles Xavier.,Editorial research note; verify individually before publishing,https://www.marvel.com/tv-shows/,potential spoilers
3,Legion,2,On-screen connection / production context,The series uses surreal visual storytelling for psychic phenomena.,Editorial research note; verify individually before publishing,https://www.marvel.com/tv-shows/,potential spoilers
3,Legion,3,On-screen connection / production context,The Shadow King is central to its conflicts.,Editorial research note; verify individually before publishing,https://www.marvel.com/tv-shows/,potential spoilers
3,Legion,4,On-screen connection / production context,It explores alternate perceptions of events and time.,Editorial research note; verify individually before publishing,https://www.marvel.com/tv-shows/,potential spoilers
3,Legion,5,On-screen connection / production context,A version of Charles Xavier appears.,Editorial research note; verify individually before publishing,https://www.marvel.com/tv-shows/,potential spoilers
3,Legion,6,On-screen connection / production context,The series is not a straightforward episode-by-episode continuation of the Fox X-Men films.,Editorial research note; verify individually before publishing,https://www.marvel.com/tv-shows/,potential spoilers
3,Legion,7,On-screen connection / production context,Noah Hawley created the television adaptation.,Editorial research note; verify individually before publishing,https://www.marvel.com/tv-shows/,potential spoilers
3,The Gifted,1,On-screen connection / production context,Mutant siblings Andy and Lauren Strucker drive the family conflict.,Editorial research note; verify individually before publishing,https://www.marvel.com/tv-shows/,potential spoilers
3,The Gifted,2,On-screen connection / production context,The Mutant Underground aids fugitives.,Editorial research note; verify individually before publishing,https://www.marvel.com/tv-shows/,potential spoilers
3,The Gifted,3,On-screen connection / production context,The Sentinel Services pursue mutants.,Editorial research note; verify individually before publishing,https://www.marvel.com/tv-shows/,potential spoilers
3,The Gifted,4,On-screen connection / production context,Polaris/Lorna Dane appears.,Editorial research note; verify individually before publishing,https://www.marvel.com/tv-shows/,potential spoilers
3,The Gifted,5,On-screen connection / production context,Blink/Clarice Fong appears.,Editorial research note; verify individually before publishing,https://www.marvel.com/tv-shows/,potential spoilers
3,The Gifted,6,On-screen connection / production context,The Cuckoos appear as telepathic triplets.,Editorial research note; verify individually before publishing,https://www.marvel.com/tv-shows/,potential spoilers
3,The Gifted,7,On-screen connection / production context,It uses X-Men comic mythology without bringing in the Fox film cast as its central leads.,Editorial research note; verify individually before publishing,https://www.marvel.com/tv-shows/,potential spoilers
3,The Gifted,8,On-screen connection / production context,The Strucker name evokes the wider Marvel comics family history.,Editorial research note; verify individually before publishing,https://www.marvel.com/tv-shows/,potential spoilers
3,Hit-Monkey,1,On-screen connection / production context,A Japanese snow monkey becomes an assassin in this adult animated Marvel adaptation.,Editorial research note; verify individually before publishing,https://www.marvel.com/tv-shows/,potential spoilers
3,Hit-Monkey,2,On-screen connection / production context,Bryce acts as his ghost mentor.,Editorial research note; verify individually before publishing,https://www.marvel.com/tv-shows/,potential spoilers
3,Hit-Monkey,3,On-screen connection / production context,The show borrows its central character from Marvel Comics.,Editorial research note; verify individually before publishing,https://www.marvel.com/tv-shows/,potential spoilers
3,Hit-Monkey,4,On-screen connection / production context,The plot incorporates organized crime and political intrigue.,Editorial research note; verify individually before publishing,https://www.marvel.com/tv-shows/,potential spoilers
3,Hit-Monkey,5,On-screen connection / production context,Its continuity is separate from mainstream live-action MCU storytelling.,Editorial research note; verify individually before publishing,https://www.marvel.com/tv-shows/,potential spoilers
3,M.O.D.O.K.,1,On-screen connection / production context,The adult animated sitcom centers on the Mental Organism Designed Only for Killing.,Editorial research note; verify individually before publishing,https://www.marvel.com/tv-shows/,potential spoilers
3,M.O.D.O.K.,2,On-screen connection / production context,A.I.M. is the primary organization associated with the character.,Editorial research note; verify individually before publishing,https://www.marvel.com/tv-shows/,potential spoilers
3,M.O.D.O.K.,3,On-screen connection / production context,The show takes a comedic angle on Marvel supervillain workplaces.,Editorial research note; verify individually before publishing,https://www.marvel.com/tv-shows/,potential spoilers
3,M.O.D.O.K.,4,On-screen connection / production context,Patton Oswalt voices M.O.D.O.K.,Editorial research note; verify individually before publishing,https://www.marvel.com/tv-shows/,potential spoilers
3,M.O.D.O.K.,5,On-screen connection / production context,Its continuity is not that of the live-action version in Ant-Man and the Wasp: Quantumania.,Editorial research note; verify individually before publishing,https://www.marvel.com/tv-shows/,potential spoilers
4,Spider-Man (2002),1,On-screen connection / production context,Peter Parker gains powers after a genetically altered spider bite.,Editorial research note; verify individually before publishing,https://www.sonypictures.com/movies,potential spoilers
4,Spider-Man (2002),2,On-screen connection / production context,Uncle Ben's death anchors Peter's responsibility theme.,Editorial research note; verify individually before publishing,https://www.sonypictures.com/movies,potential spoilers
4,Spider-Man (2002),3,On-screen connection / production context,Norman Osborn becomes the Green Goblin.,Editorial research note; verify individually before publishing,https://www.sonypictures.com/movies,potential spoilers
4,Spider-Man (2002),4,On-screen connection / production context,J. Jonah Jameson runs the Daily Bugle.,Editorial research note; verify individually before publishing,https://www.sonypictures.com/movies,potential spoilers
4,Spider-Man (2002),5,On-screen connection / production context,Mary Jane Watson is Peter's principal romantic interest.,Editorial research note; verify individually before publishing,https://www.sonypictures.com/movies,potential spoilers
4,Spider-Man (2002),6,On-screen connection / production context,The upside-down kiss became a defining image of the film.,Editorial research note; verify individually before publishing,https://www.sonypictures.com/movies,potential spoilers
4,Spider-Man (2002),7,On-screen connection / production context,The final funeral scene sets up the Harry–Peter conflict.,Editorial research note; verify individually before publishing,https://www.sonypictures.com/movies,potential spoilers
4,Spider-Man (2002),8,On-screen connection / production context,The film includes Bruce Campbell's ring-announcer cameo.,Editorial research note; verify individually before publishing,https://www.sonypictures.com/movies,potential spoilers
4,Spider-Man (2002),9,On-screen connection / production context,Willem Dafoe's Goblin returns in No Way Home.,Editorial research note; verify individually before publishing,https://www.sonypictures.com/movies,potential spoilers
4,Spider-Man (2002),10,On-screen connection / production context,The film's origin motifs recur in alternate Spider-Man continuities.,Editorial research note; verify individually before publishing,https://www.sonypictures.com/movies,potential spoilers
4,Spider-Man (2002),11,On-screen connection / production context,The movie opens the Raimi trilogy as a distinct continuity from the MCU films.,Editorial research note; verify individually before publishing,https://www.sonypictures.com/movies,potential spoilers
4,Spider-Man 2 (2004),1,On-screen connection / production context,Otto Octavius's fusion experiment leads to his Doctor Octopus persona.,Editorial research note; verify individually before publishing,https://www.sonypictures.com/movies,potential spoilers
4,Spider-Man 2 (2004),2,On-screen connection / production context,The mechanical arms develop threatening independent behavior.,Editorial research note; verify individually before publishing,https://www.sonypictures.com/movies,potential spoilers
4,Spider-Man 2 (2004),3,On-screen connection / production context,Peter struggles to balance Spider-Man and ordinary life.,Editorial research note; verify individually before publishing,https://www.sonypictures.com/movies,potential spoilers
4,Spider-Man 2 (2004),4,On-screen connection / production context,The train-rescue sequence exposes Peter's face to passengers.,Editorial research note; verify individually before publishing,https://www.sonypictures.com/movies,potential spoilers
4,Spider-Man 2 (2004),5,On-screen connection / production context,The 'pizza time' scene has become a recurring internet reference.,Editorial research note; verify individually before publishing,https://www.sonypictures.com/movies,potential spoilers
4,Spider-Man 2 (2004),6,On-screen connection / production context,Harry Osborn discovers Peter's identity.,Editorial research note; verify individually before publishing,https://www.sonypictures.com/movies,potential spoilers
4,Spider-Man 2 (2004),7,On-screen connection / production context,Mary Jane learns Peter's secret by the finale.,Editorial research note; verify individually before publishing,https://www.sonypictures.com/movies,potential spoilers
4,Spider-Man 2 (2004),8,On-screen connection / production context,Alfred Molina returns as Otto in No Way Home.,Editorial research note; verify individually before publishing,https://www.sonypictures.com/movies,potential spoilers
4,Spider-Man 2 (2004),9,On-screen connection / production context,The reactor's unstable power source is revisited through No Way Home's Otto storyline.,Editorial research note; verify individually before publishing,https://www.sonypictures.com/movies,potential spoilers
4,Spider-Man 2 (2004),10,On-screen connection / production context,The film continues Jameson's antagonism to Spider-Man.,Editorial research note; verify individually before publishing,https://www.sonypictures.com/movies,potential spoilers
4,Spider-Man 3 (2007),1,On-screen connection / production context,An alien symbiote changes Peter's costume and behavior.,Editorial research note; verify individually before publishing,https://www.sonypictures.com/movies,potential spoilers
4,Spider-Man 3 (2007),2,On-screen connection / production context,Eddie Brock becomes Venom.,Editorial research note; verify individually before publishing,https://www.sonypictures.com/movies,potential spoilers
4,Spider-Man 3 (2007),3,On-screen connection / production context,Flint Marko transforms into Sandman.,Editorial research note; verify individually before publishing,https://www.sonypictures.com/movies,potential spoilers
4,Spider-Man 3 (2007),4,On-screen connection / production context,Harry Osborn becomes the New Goblin.,Editorial research note; verify individually before publishing,https://www.sonypictures.com/movies,potential spoilers
4,Spider-Man 3 (2007),5,On-screen connection / production context,The symbiote's vulnerability to sound is central to its defeat.,Editorial research note; verify individually before publishing,https://www.sonypictures.com/movies,potential spoilers
4,Spider-Man 3 (2007),6,On-screen connection / production context,The film explores Peter's conflict over Uncle Ben's death.,Editorial research note; verify individually before publishing,https://www.sonypictures.com/movies,potential spoilers
4,Spider-Man 3 (2007),7,On-screen connection / production context,Harry ultimately assists Peter against Sandman and Venom.,Editorial research note; verify individually before publishing,https://www.sonypictures.com/movies,potential spoilers
4,Spider-Man 3 (2007),8,On-screen connection / production context,The film's Sandman returns in No Way Home.,Editorial research note; verify individually before publishing,https://www.sonypictures.com/movies,potential spoilers
4,Spider-Man 3 (2007),9,On-screen connection / production context,Topher Grace's Venom is a separate incarnation from Tom Hardy's Venom.,Editorial research note; verify individually before publishing,https://www.sonypictures.com/movies,potential spoilers
4,Spider-Man 3 (2007),10,On-screen connection / production context,The black suit draws on Spider-Man's comics symbiote history.,Editorial research note; verify individually before publishing,https://www.sonypictures.com/movies,potential spoilers
5,The Amazing Spider-Man,1,On-screen connection / production context,Andrew Garfield plays a separate incarnation of Peter Parker.,Editorial research note; verify individually before publishing,https://www.sonypictures.com/movies,potential spoilers
5,The Amazing Spider-Man,2,On-screen connection / production context,Gwen Stacy is played by Emma Stone.,Editorial research note; verify individually before publishing,https://www.sonypictures.com/movies,potential spoilers
5,The Amazing Spider-Man,3,On-screen connection / production context,Dr. Curt Connors becomes the Lizard.,Editorial research note; verify individually before publishing,https://www.sonypictures.com/movies,potential spoilers
5,The Amazing Spider-Man,4,On-screen connection / production context,Peter investigates the disappearance of his parents.,Editorial research note; verify individually before publishing,https://www.sonypictures.com/movies,potential spoilers
5,The Amazing Spider-Man,5,On-screen connection / production context,Oscorp drives the central scientific mystery.,Editorial research note; verify individually before publishing,https://www.sonypictures.com/movies,potential spoilers
5,The Amazing Spider-Man,6,On-screen connection / production context,The web shooters are mechanical rather than organic.,Editorial research note; verify individually before publishing,https://www.sonypictures.com/movies,potential spoilers
5,The Amazing Spider-Man,7,On-screen connection / production context,Captain George Stacy asks Peter to keep Gwen away from danger.,Editorial research note; verify individually before publishing,https://www.sonypictures.com/movies,potential spoilers
5,The Amazing Spider-Man,8,On-screen connection / production context,The Lizard returns via the multiverse in No Way Home.,Editorial research note; verify individually before publishing,https://www.sonypictures.com/movies,potential spoilers
5,The Amazing Spider-Man,9,On-screen connection / production context,Rhys Ifans reprises Curt Connors in No Way Home.,Editorial research note; verify individually before publishing,https://www.sonypictures.com/movies,potential spoilers
5,The Amazing Spider-Man,10,On-screen connection / production context,The film rebooted the character outside Raimi's continuity.,Editorial research note; verify individually before publishing,https://www.sonypictures.com/movies,potential spoilers
5,The Amazing Spider-Man 2,1,On-screen connection / production context,Electro's powers arise from an Oscorp accident.,Editorial research note; verify individually before publishing,https://www.sonypictures.com/movies,potential spoilers
5,The Amazing Spider-Man 2,2,On-screen connection / production context,Jamie Foxx plays Max Dillon/Electro.,Editorial research note; verify individually before publishing,https://www.sonypictures.com/movies,potential spoilers
5,The Amazing Spider-Man 2,3,On-screen connection / production context,Harry Osborn becomes the Green Goblin.,Editorial research note; verify individually before publishing,https://www.sonypictures.com/movies,potential spoilers
5,The Amazing Spider-Man 2,4,On-screen connection / production context,Gwen Stacy's death is modeled on a famous Spider-Man comics tragedy.,Editorial research note; verify individually before publishing,https://www.sonypictures.com/movies,potential spoilers
5,The Amazing Spider-Man 2,5,On-screen connection / production context,Rhino is teased and appears in an armored suit.,Editorial research note; verify individually before publishing,https://www.sonypictures.com/movies,potential spoilers
5,The Amazing Spider-Man 2,6,On-screen connection / production context,Oscorp's hidden projects imply other potential villains.,Editorial research note; verify individually before publishing,https://www.sonypictures.com/movies,potential spoilers
5,The Amazing Spider-Man 2,7,On-screen connection / production context,Peter's parents' research becomes a larger mystery.,Editorial research note; verify individually before publishing,https://www.sonypictures.com/movies,potential spoilers
5,The Amazing Spider-Man 2,8,On-screen connection / production context,Electro returns in No Way Home in altered visual form.,Editorial research note; verify individually before publishing,https://www.sonypictures.com/movies,potential spoilers
5,The Amazing Spider-Man 2,9,On-screen connection / production context,The death of Gwen informs Garfield's Spider-Man in No Way Home.,Editorial research note; verify individually before publishing,https://www.sonypictures.com/movies,potential spoilers
5,The Amazing Spider-Man 2,10,On-screen connection / production context,The film retains a continuity separate from Tom Holland's MCU films.,Editorial research note; verify individually before publishing,https://www.sonypictures.com/movies,potential spoilers
6,Venom,1,On-screen connection / production context,Eddie Brock merges with the Venom symbiote.,Editorial research note; verify individually before publishing,https://www.sonypictures.com/movies,potential spoilers
6,Venom,2,On-screen connection / production context,The Life Foundation retrieves alien symbiotes.,Editorial research note; verify individually before publishing,https://www.sonypictures.com/movies,potential spoilers
6,Venom,3,On-screen connection / production context,Carlton Drake bonds with Riot.,Editorial research note; verify individually before publishing,https://www.sonypictures.com/movies,potential spoilers
6,Venom,4,On-screen connection / production context,Venom's conversational relationship with Eddie becomes a comedic element.,Editorial research note; verify individually before publishing,https://www.sonypictures.com/movies,potential spoilers
6,Venom,5,On-screen connection / production context,Annie Weying is Eddie's former fiancée.,Editorial research note; verify individually before publishing,https://www.sonypictures.com/movies,potential spoilers
6,Venom,6,On-screen connection / production context,The film uses the Venom comic identity without introducing Spider-Man.,Editorial research note; verify individually before publishing,https://www.sonypictures.com/movies,potential spoilers
6,Venom,7,On-screen connection / production context,The mid-credits scene introduces Cletus Kasady.,Editorial research note; verify individually before publishing,https://www.sonypictures.com/movies,potential spoilers
6,Venom,8,On-screen connection / production context,The character's origin differs from the symbiote storyline in Spider-Man 3.,Editorial research note; verify individually before publishing,https://www.sonypictures.com/movies,potential spoilers
6,Venom,9,On-screen connection / production context,Tom Hardy plays Eddie Brock.,Editorial research note; verify individually before publishing,https://www.sonypictures.com/movies,potential spoilers
6,Venom,10,On-screen connection / production context,The film establishes the Sony Venom film continuity.,Editorial research note; verify individually before publishing,https://www.sonypictures.com/movies,potential spoilers
6,Venom: Let There Be Carnage,1,On-screen connection / production context,Cletus Kasady bonds with the Carnage symbiote.,Editorial research note; verify individually before publishing,https://www.sonypictures.com/movies,potential spoilers
6,Venom: Let There Be Carnage,2,On-screen connection / production context,Woody Harrelson returns as Cletus after the first film's tease.,Editorial research note; verify individually before publishing,https://www.sonypictures.com/movies,potential spoilers
6,Venom: Let There Be Carnage,3,On-screen connection / production context,Frances Barrison/Shriek has sonic powers.,Editorial research note; verify individually before publishing,https://www.sonypictures.com/movies,potential spoilers
6,Venom: Let There Be Carnage,4,On-screen connection / production context,Venom and Eddie's dysfunctional partnership drives the story.,Editorial research note; verify individually before publishing,https://www.sonypictures.com/movies,potential spoilers
6,Venom: Let There Be Carnage,5,On-screen connection / production context,The climactic conflict exploits symbiote vulnerabilities.,Editorial research note; verify individually before publishing,https://www.sonypictures.com/movies,potential spoilers
6,Venom: Let There Be Carnage,6,On-screen connection / production context,The mid-credit sequence shifts Eddie and Venom into a different universe.,Editorial research note; verify individually before publishing,https://www.sonypictures.com/movies,potential spoilers
6,Venom: Let There Be Carnage,7,On-screen connection / production context,A televised appearance by MCU Spider-Man is seen in the mid-credit scene.,Editorial research note; verify individually before publishing,https://www.sonypictures.com/movies,potential spoilers
6,Venom: Let There Be Carnage,8,On-screen connection / production context,The crossover setup is revisited in No Way Home's post-credit scene.,Editorial research note; verify individually before publishing,https://www.sonypictures.com/movies,potential spoilers
6,Venom: Let There Be Carnage,9,On-screen connection / production context,The film is a sequel to Venom rather than to Spider-Man 3.,Editorial research note; verify individually before publishing,https://www.sonypictures.com/movies,potential spoilers
6,Venom: The Last Dance,1,On-screen connection / production context,Eddie and Venom continue as a bonded pair.,Editorial research note; verify individually before publishing,https://www.sonypictures.com/movies,potential spoilers
6,Venom: The Last Dance,2,On-screen connection / production context,The story introduces additional symbiote lore.,Editorial research note; verify individually before publishing,https://www.sonypictures.com/movies,potential spoilers
6,Venom: The Last Dance,3,On-screen connection / production context,Knull's mythology appears.,Editorial research note; verify individually before publishing,https://www.sonypictures.com/movies,potential spoilers
6,Venom: The Last Dance,4,On-screen connection / production context,The pursuit of Eddie and Venom continues after the previous film.,Editorial research note; verify individually before publishing,https://www.sonypictures.com/movies,potential spoilers
6,Venom: The Last Dance,5,On-screen connection / production context,The film concludes the Tom Hardy Venom trilogy's central arc.,Editorial research note; verify individually before publishing,https://www.sonypictures.com/movies,potential spoilers
6,Venom: The Last Dance,6,On-screen connection / production context,The title refers to the duo's farewell narrative.,Editorial research note; verify individually before publishing,https://www.sonypictures.com/movies,potential spoilers
6,Venom: The Last Dance,7,On-screen connection / production context,The symbiote mythology draws on Marvel Comics' Knull concept.,Editorial research note; verify individually before publishing,https://www.sonypictures.com/movies,potential spoilers
6,Morbius,1,On-screen connection / production context,Michael Morbius seeks a cure for a rare blood disease.,Editorial research note; verify individually before publishing,https://www.sonypictures.com/movies,potential spoilers
6,Morbius,2,On-screen connection / production context,His experiment produces vampire-like powers.,Editorial research note; verify individually before publishing,https://www.sonypictures.com/movies,potential spoilers
6,Morbius,3,On-screen connection / production context,Milo develops related abilities.,Editorial research note; verify individually before publishing,https://www.sonypictures.com/movies,potential spoilers
6,Morbius,4,On-screen connection / production context,Martine Bancroft is part of Michael's personal story.,Editorial research note; verify individually before publishing,https://www.sonypictures.com/movies,potential spoilers
6,Morbius,5,On-screen connection / production context,The character originates from Spider-Man-adjacent Marvel Comics.,Editorial research note; verify individually before publishing,https://www.sonypictures.com/movies,potential spoilers
6,Morbius,6,On-screen connection / production context,A mid-credits scene features Michael Keaton's Vulture.,Editorial research note; verify individually before publishing,https://www.sonypictures.com/movies,potential spoilers
6,Morbius,7,On-screen connection / production context,The Vulture has previously appeared in Spider-Man: Homecoming.,Editorial research note; verify individually before publishing,https://www.sonypictures.com/movies,potential spoilers
6,Morbius,8,On-screen connection / production context,The credits use multiverse displacement as a crossover device.,Editorial research note; verify individually before publishing,https://www.sonypictures.com/movies,potential spoilers
6,Morbius,9,On-screen connection / production context,The film's setting should not be assumed identical to every other Sony spin-off.,Editorial research note; verify individually before publishing,https://www.sonypictures.com/movies,potential spoilers
6,Madame Web,1,On-screen connection / production context,Cassandra Webb develops precognitive abilities.,Editorial research note; verify individually before publishing,https://www.sonypictures.com/movies,potential spoilers
6,Madame Web,2,On-screen connection / production context,The film follows young women tied to future Spider-hero identities.,Editorial research note; verify individually before publishing,https://www.sonypictures.com/movies,potential spoilers
6,Madame Web,3,On-screen connection / production context,Ezekiel Sims serves as the antagonist.,Editorial research note; verify individually before publishing,https://www.sonypictures.com/movies,potential spoilers
6,Madame Web,4,On-screen connection / production context,Its central powers involve glimpses of future events.,Editorial research note; verify individually before publishing,https://www.sonypictures.com/movies,potential spoilers
6,Madame Web,5,On-screen connection / production context,The film draws on Madame Web's Spider-Man comics lore.,Editorial research note; verify individually before publishing,https://www.sonypictures.com/movies,potential spoilers
6,Madame Web,6,On-screen connection / production context,The story does not directly continue Tom Holland's Spider-Man films.,Editorial research note; verify individually before publishing,https://www.sonypictures.com/movies,potential spoilers
6,Madame Web,7,On-screen connection / production context,The main plot uses a distinctly earlier period setting.,Editorial research note; verify individually before publishing,https://www.sonypictures.com/movies,potential spoilers
6,Kraven the Hunter,1,On-screen connection / production context,Sergei Kravinoff becomes Kraven the Hunter.,Editorial research note; verify individually before publishing,https://www.sonypictures.com/movies,potential spoilers
6,Kraven the Hunter,2,On-screen connection / production context,His estranged relationship with his father is central.,Editorial research note; verify individually before publishing,https://www.sonypictures.com/movies,potential spoilers
6,Kraven the Hunter,3,On-screen connection / production context,The character's powers and hunting identity are adapted from Spider-Man comics.,Editorial research note; verify individually before publishing,https://www.sonypictures.com/movies,potential spoilers
6,Kraven the Hunter,4,On-screen connection / production context,The Rhino appears in a different form from the Amazing Spider-Man 2 portrayal.,Editorial research note; verify individually before publishing,https://www.sonypictures.com/movies,potential spoilers
6,Kraven the Hunter,5,On-screen connection / production context,The film belongs to Sony's Marvel character adaptations rather than the main MCU Spider-Man trilogy.,Editorial research note; verify individually before publishing,https://www.sonypictures.com/movies,potential spoilers
6,Kraven the Hunter,6,On-screen connection / production context,A recurring hunter/prey motif shapes Kraven's personal conflict.,Editorial research note; verify individually before publishing,https://www.sonypictures.com/movies,potential spoilers
7,Spider-Man: Into the Spider-Verse,1,On-screen connection / production context,Miles Morales becomes Spider-Man following Peter Parker's death in his world.,Editorial research note; verify individually before publishing,https://www.sonypicturesanimation.com/projects/films/spider-man-spider-verse-sequel,potential spoilers
7,Spider-Man: Into the Spider-Verse,2,On-screen connection / production context,A Kingpin-created collider pulls Spider-people from other realities.,Editorial research note; verify individually before publishing,https://www.sonypicturesanimation.com/projects/films/spider-man-spider-verse-sequel,potential spoilers
7,Spider-Man: Into the Spider-Verse,3,On-screen connection / production context,Peter B. Parker mentors Miles after arriving from a different universe.,Editorial research note; verify individually before publishing,https://www.sonypicturesanimation.com/projects/films/spider-man-spider-verse-sequel,potential spoilers
7,Spider-Man: Into the Spider-Verse,4,On-screen connection / production context,Gwen Stacy appears as Spider-Woman.,Editorial research note; verify individually before publishing,https://www.sonypicturesanimation.com/projects/films/spider-man-spider-verse-sequel,potential spoilers
7,Spider-Man: Into the Spider-Verse,5,On-screen connection / production context,"Spider-Man Noir, Peni Parker and Spider-Ham join the crossover.",Editorial research note; verify individually before publishing,https://www.sonypicturesanimation.com/projects/films/spider-man-spider-verse-sequel,potential spoilers
7,Spider-Man: Into the Spider-Verse,6,On-screen connection / production context,"The animation mixes comic halftones, lettering and varied frame rates.",Editorial research note; verify individually before publishing,https://www.sonypicturesanimation.com/projects/films/spider-man-spider-verse-sequel,potential spoilers
7,Spider-Man: Into the Spider-Verse,7,On-screen connection / production context,The leap-of-faith sequence reverses the camera orientation as Miles rises.,Editorial research note; verify individually before publishing,https://www.sonypicturesanimation.com/projects/films/spider-man-spider-verse-sequel,potential spoilers
7,Spider-Man: Into the Spider-Verse,8,On-screen connection / production context,The post-credit scene introduces Miguel O'Hara/Spider-Man 2099.,Editorial research note; verify individually before publishing,https://www.sonypicturesanimation.com/projects/films/spider-man-spider-verse-sequel,potential spoilers
7,Spider-Man: Into the Spider-Verse,9,On-screen connection / production context,Stan Lee has a cameo as a costume-store owner.,Editorial research note; verify individually before publishing,https://www.sonypicturesanimation.com/projects/films/spider-man-spider-verse-sequel,potential spoilers
7,Spider-Man: Into the Spider-Verse,10,On-screen connection / production context,The film's comic-cover style directly references the character's printed origins.,Editorial research note; verify individually before publishing,https://www.sonypicturesanimation.com/projects/films/spider-man-spider-verse-sequel,potential spoilers
7,Spider-Man: Into the Spider-Verse,11,On-screen connection / production context,The 'anyone can wear the mask' theme motivates Miles's transformation.,Editorial research note; verify individually before publishing,https://www.sonypicturesanimation.com/projects/films/spider-man-spider-verse-sequel,potential spoilers
7,Spider-Man: Across the Spider-Verse,1,On-screen connection / production context,Gwen's home reality is given a shifting watercolor-like visual style.,Editorial research note; verify individually before publishing,https://www.sonypicturesanimation.com/projects/films/spider-man-spider-verse-sequel,potential spoilers
7,Spider-Man: Across the Spider-Verse,2,On-screen connection / production context,Miles reconnects with Gwen and Peter B. Parker.,Editorial research note; verify individually before publishing,https://www.sonypicturesanimation.com/projects/films/spider-man-spider-verse-sequel,potential spoilers
7,Spider-Man: Across the Spider-Verse,3,On-screen connection / production context,Miguel O'Hara leads the Spider Society.,Editorial research note; verify individually before publishing,https://www.sonypicturesanimation.com/projects/films/spider-man-spider-verse-sequel,potential spoilers
7,Spider-Man: Across the Spider-Verse,4,On-screen connection / production context,The Spot gains access to multiple universes.,Editorial research note; verify individually before publishing,https://www.sonypicturesanimation.com/projects/films/spider-man-spider-verse-sequel,potential spoilers
7,Spider-Man: Across the Spider-Verse,5,On-screen connection / production context,Pavitr Prabhakar protects Mumbattan.,Editorial research note; verify individually before publishing,https://www.sonypicturesanimation.com/projects/films/spider-man-spider-verse-sequel,potential spoilers
7,Spider-Man: Across the Spider-Verse,6,On-screen connection / production context,Hobie Brown/Spider-Punk uses deliberately collage-like animation.,Editorial research note; verify individually before publishing,https://www.sonypicturesanimation.com/projects/films/spider-man-spider-verse-sequel,potential spoilers
7,Spider-Man: Across the Spider-Verse,7,On-screen connection / production context,The film references the live-action Prowler with Donald Glover.,Editorial research note; verify individually before publishing,https://www.sonypicturesanimation.com/projects/films/spider-man-spider-verse-sequel,potential spoilers
7,Spider-Man: Across the Spider-Verse,8,On-screen connection / production context,An archive includes Spider-Man media from other continuities.,Editorial research note; verify individually before publishing,https://www.sonypicturesanimation.com/projects/films/spider-man-spider-verse-sequel,potential spoilers
7,Spider-Man: Across the Spider-Verse,9,On-screen connection / production context,Canon events become the subject of conflict within the Spider Society.,Editorial research note; verify individually before publishing,https://www.sonypicturesanimation.com/projects/films/spider-man-spider-verse-sequel,potential spoilers
7,Spider-Man: Across the Spider-Verse,10,On-screen connection / production context,Miles discovers the wrong-universe situation late in the story.,Editorial research note; verify individually before publishing,https://www.sonypicturesanimation.com/projects/films/spider-man-spider-verse-sequel,potential spoilers
7,Spider-Man: Across the Spider-Verse,11,On-screen connection / production context,Earth-42 has a different Miles and a different Prowler identity.,Editorial research note; verify individually before publishing,https://www.sonypicturesanimation.com/projects/films/spider-man-spider-verse-sequel,potential spoilers
7,Spider-Man: Across the Spider-Verse,12,On-screen connection / production context,The film includes numerous variations on Spider-Man costumes.,Editorial research note; verify individually before publishing,https://www.sonypicturesanimation.com/projects/films/spider-man-spider-verse-sequel,potential spoilers
7,Spider-Man: Across the Spider-Verse,13,On-screen connection / production context,"Sony's artists confirmed that background graffiti includes the name Plomps, a tribute to a crew member's cat.",Editorial research note; verify individually before publishing,https://www.sonypicturesanimation.com/projects/films/spider-man-spider-verse-sequel,potential spoilers
7,Spider-Man: Beyond the Spider-Verse,1,On-screen connection / production context,The film continues the unresolved story from Across the Spider-Verse.,Editorial research note; verify individually before publishing,https://www.sonypicturesanimation.com/projects/films/spider-man-spider-verse-sequel,potential spoilers
7,Spider-Man: Beyond the Spider-Verse,2,On-screen connection / production context,Miles seeks to return to his home universe.,Editorial research note; verify individually before publishing,https://www.sonypicturesanimation.com/projects/films/spider-man-spider-verse-sequel,potential spoilers
7,Spider-Man: Beyond the Spider-Verse,3,On-screen connection / production context,Miguel's Spider Society remains part of the announced premise.,Editorial research note; verify individually before publishing,https://www.sonypicturesanimation.com/projects/films/spider-man-spider-verse-sequel,potential spoilers
7,Spider-Man: Beyond the Spider-Verse,4,On-screen connection / production context,"Sony lists the film for June 18, 2027 as of its official promotional page.",Editorial research note; verify individually before publishing,https://www.sonypicturesanimation.com/projects/films/spider-man-spider-verse-sequel,potential spoilers
7,Spider-Man: Beyond the Spider-Verse,5,On-screen connection / production context,Bob Persichetti and Justin K. Thompson are credited as directors by Sony.,Editorial research note; verify individually before publishing,https://www.sonypicturesanimation.com/projects/films/spider-man-spider-verse-sequel,potential spoilers
7,Spider-Man: Beyond the Spider-Verse,6,On-screen connection / production context,Specific unshown Easter eggs and dialogue should not be presented as known.,Editorial research note; verify individually before publishing,https://www.sonypicturesanimation.com/projects/films/spider-man-spider-verse-sequel,potential spoilers
7,Spider-Ham: Caught in a Ham,1,On-screen connection / production context,The short centers on the Spider-Ham character seen in Into the Spider-Verse.,Editorial research note; verify individually before publishing,https://www.sonypicturesanimation.com/projects/films/spider-man-spider-verse-sequel,potential spoilers
7,Spider-Ham: Caught in a Ham,2,On-screen connection / production context,Its comedy uses cartoon logic and visual gags.,Editorial research note; verify individually before publishing,https://www.sonypicturesanimation.com/projects/films/spider-man-spider-verse-sequel,potential spoilers
7,Spider-Ham: Caught in a Ham,3,On-screen connection / production context,The story predates Spider-Ham's wider-crossover appearance in the feature.,Editorial research note; verify individually before publishing,https://www.sonypicturesanimation.com/projects/films/spider-man-spider-verse-sequel,potential spoilers
7,Spider-Ham: Caught in a Ham,4,On-screen connection / production context,It belongs to Sony's animated Spider-Verse side material.,Editorial research note; verify individually before publishing,https://www.sonypicturesanimation.com/projects/films/spider-man-spider-verse-sequel,potential spoilers
8,X-Men,1,On-screen connection / production context,Charles Xavier recruits and trains mutants.,Editorial research note; verify individually before publishing,https://www.marvel.com/movies,potential spoilers
8,X-Men,2,On-screen connection / production context,Magneto's ideology contrasts with Xavier's.,Editorial research note; verify individually before publishing,https://www.marvel.com/movies,potential spoilers
8,X-Men,3,On-screen connection / production context,Rogue becomes a target in Magneto's mutation plan.,Editorial research note; verify individually before publishing,https://www.marvel.com/movies,potential spoilers
8,X-Men,4,On-screen connection / production context,Wolverine is introduced through a cage-fighting scene.,Editorial research note; verify individually before publishing,https://www.marvel.com/movies,potential spoilers
8,X-Men,5,On-screen connection / production context,The Statue of Liberty anchors the climax.,Editorial research note; verify individually before publishing,https://www.marvel.com/movies,potential spoilers
8,X-Men,6,On-screen connection / production context,Mystique impersonates other characters.,Editorial research note; verify individually before publishing,https://www.marvel.com/movies,potential spoilers
8,X-Men,7,On-screen connection / production context,Hugh Jackman debuts as Wolverine in the series.,Editorial research note; verify individually before publishing,https://www.marvel.com/movies,potential spoilers
8,X-Men,8,On-screen connection / production context,The film begins the Fox X-Men screen continuity.,Editorial research note; verify individually before publishing,https://www.marvel.com/movies,potential spoilers
8,X-Men,9,On-screen connection / production context,Its antagonist alliance foreshadows repeated Brotherhood stories.,Editorial research note; verify individually before publishing,https://www.marvel.com/movies,potential spoilers
8,X-Men,10,On-screen connection / production context,Senator Kelly represents the political conflict around mutants.,Editorial research note; verify individually before publishing,https://www.marvel.com/movies,potential spoilers
8,X2,1,On-screen connection / production context,Nightcrawler attacks the White House while manipulated.,Editorial research note; verify individually before publishing,https://www.marvel.com/movies,potential spoilers
8,X2,2,On-screen connection / production context,William Stryker is linked to Wolverine's past.,Editorial research note; verify individually before publishing,https://www.marvel.com/movies,potential spoilers
8,X2,3,On-screen connection / production context,Jean Grey's powers intensify and foreshadow Phoenix.,Editorial research note; verify individually before publishing,https://www.marvel.com/movies,potential spoilers
8,X2,4,On-screen connection / production context,Iceman reveals his mutation to his family.,Editorial research note; verify individually before publishing,https://www.marvel.com/movies,potential spoilers
8,X2,5,On-screen connection / production context,Mystique infiltrates Stryker's facilities.,Editorial research note; verify individually before publishing,https://www.marvel.com/movies,potential spoilers
8,X2,6,On-screen connection / production context,The X-Men and Magneto temporarily cooperate.,Editorial research note; verify individually before publishing,https://www.marvel.com/movies,potential spoilers
8,X2,7,On-screen connection / production context,The closing lake scene leads toward Jean's return.,Editorial research note; verify individually before publishing,https://www.marvel.com/movies,potential spoilers
8,X2,8,On-screen connection / production context,Cerebro is weaponized against mutants.,Editorial research note; verify individually before publishing,https://www.marvel.com/movies,potential spoilers
8,X2,9,On-screen connection / production context,The film expands Stryker's military mutation program.,Editorial research note; verify individually before publishing,https://www.marvel.com/movies,potential spoilers
8,X-Men: The Last Stand,1,On-screen connection / production context,Jean Grey manifests the Phoenix identity.,Editorial research note; verify individually before publishing,https://www.marvel.com/movies,potential spoilers
8,X-Men: The Last Stand,2,On-screen connection / production context,A mutant cure is developed.,Editorial research note; verify individually before publishing,https://www.marvel.com/movies,potential spoilers
8,X-Men: The Last Stand,3,On-screen connection / production context,Magneto recruits mutants opposed to the cure.,Editorial research note; verify individually before publishing,https://www.marvel.com/movies,potential spoilers
8,X-Men: The Last Stand,4,On-screen connection / production context,The Golden Gate Bridge is moved as part of the assault.,Editorial research note; verify individually before publishing,https://www.marvel.com/movies,potential spoilers
8,X-Men: The Last Stand,5,On-screen connection / production context,Angel/Warren Worthington is introduced.,Editorial research note; verify individually before publishing,https://www.marvel.com/movies,potential spoilers
8,X-Men: The Last Stand,6,On-screen connection / production context,Rogue contemplates taking the cure.,Editorial research note; verify individually before publishing,https://www.marvel.com/movies,potential spoilers
8,X-Men: The Last Stand,7,On-screen connection / production context,Professor Xavier confronts Jean.,Editorial research note; verify individually before publishing,https://www.marvel.com/movies,potential spoilers
8,X-Men: The Last Stand,8,On-screen connection / production context,The post-credit scene implies Xavier's survival.,Editorial research note; verify individually before publishing,https://www.marvel.com/movies,potential spoilers
8,X-Men: The Last Stand,9,On-screen connection / production context,The cure plot is drawn from recurring X-Men comics themes.,Editorial research note; verify individually before publishing,https://www.marvel.com/movies,potential spoilers
8,X-Men Origins: Wolverine,1,On-screen connection / production context,The film explores Logan and Victor Creed's early connection.,Editorial research note; verify individually before publishing,https://www.marvel.com/movies,potential spoilers
8,X-Men Origins: Wolverine,2,On-screen connection / production context,Weapon X bonds adamantium to Logan's skeleton.,Editorial research note; verify individually before publishing,https://www.marvel.com/movies,potential spoilers
8,X-Men Origins: Wolverine,3,On-screen connection / production context,William Stryker oversees the project.,Editorial research note; verify individually before publishing,https://www.marvel.com/movies,potential spoilers
8,X-Men Origins: Wolverine,4,On-screen connection / production context,Wade Wilson appears before the standalone Deadpool films.,Editorial research note; verify individually before publishing,https://www.marvel.com/movies,potential spoilers
8,X-Men Origins: Wolverine,5,On-screen connection / production context,The Weapon XI depiction differs drastically from Ryan Reynolds's later Deadpool persona.,Editorial research note; verify individually before publishing,https://www.marvel.com/movies,potential spoilers
8,X-Men Origins: Wolverine,6,On-screen connection / production context,A memory loss event connects to the amnesiac Logan of X-Men.,Editorial research note; verify individually before publishing,https://www.marvel.com/movies,potential spoilers
8,X-Men Origins: Wolverine,7,On-screen connection / production context,Gambit appears as a supporting mutant.,Editorial research note; verify individually before publishing,https://www.marvel.com/movies,potential spoilers
8,X-Men Origins: Wolverine,8,On-screen connection / production context,The film presents one account of Wolverine's backstory later complicated by timeline revisions.,Editorial research note; verify individually before publishing,https://www.marvel.com/movies,potential spoilers
8,X-Men: First Class,1,On-screen connection / production context,Young Charles Xavier meets Erik Lehnsherr.,Editorial research note; verify individually before publishing,https://www.marvel.com/movies,potential spoilers
8,X-Men: First Class,2,On-screen connection / production context,The Cuban Missile Crisis serves as the historical setting of the climax.,Editorial research note; verify individually before publishing,https://www.marvel.com/movies,potential spoilers
8,X-Men: First Class,3,On-screen connection / production context,Sebastian Shaw leads the Hellfire Club.,Editorial research note; verify individually before publishing,https://www.marvel.com/movies,potential spoilers
8,X-Men: First Class,4,On-screen connection / production context,Mystique and Beast join the early mutant ensemble.,Editorial research note; verify individually before publishing,https://www.marvel.com/movies,potential spoilers
8,X-Men: First Class,5,On-screen connection / production context,Magneto's helmet becomes a key protection against telepathy.,Editorial research note; verify individually before publishing,https://www.marvel.com/movies,potential spoilers
8,X-Men: First Class,6,On-screen connection / production context,The Charles–Erik ideological rupture sets up later X-Men stories.,Editorial research note; verify individually before publishing,https://www.marvel.com/movies,potential spoilers
8,X-Men: First Class,7,On-screen connection / production context,A Wolverine cameo occurs during recruiting.,Editorial research note; verify individually before publishing,https://www.marvel.com/movies,potential spoilers
8,X-Men: First Class,8,On-screen connection / production context,The film casts James McAvoy and Michael Fassbender as younger versions of Xavier and Magneto.,Editorial research note; verify individually before publishing,https://www.marvel.com/movies,potential spoilers
8,X-Men: First Class,9,On-screen connection / production context,The timeline is later revisited in Days of Future Past.,Editorial research note; verify individually before publishing,https://www.marvel.com/movies,potential spoilers
8,The Wolverine,1,On-screen connection / production context,Logan travels to Japan after the events of The Last Stand.,Editorial research note; verify individually before publishing,https://www.marvel.com/movies,potential spoilers
8,The Wolverine,2,On-screen connection / production context,Jean Grey appears in Wolverine's visions.,Editorial research note; verify individually before publishing,https://www.marvel.com/movies,potential spoilers
8,The Wolverine,3,On-screen connection / production context,Yukio becomes Logan's ally.,Editorial research note; verify individually before publishing,https://www.marvel.com/movies,potential spoilers
8,The Wolverine,4,On-screen connection / production context,The Silver Samurai is adapted from comics mythology.,Editorial research note; verify individually before publishing,https://www.marvel.com/movies,potential spoilers
8,The Wolverine,5,On-screen connection / production context,Viper plays a key antagonist role.,Editorial research note; verify individually before publishing,https://www.marvel.com/movies,potential spoilers
8,The Wolverine,6,On-screen connection / production context,Logan's healing powers are temporarily compromised.,Editorial research note; verify individually before publishing,https://www.marvel.com/movies,potential spoilers
8,The Wolverine,7,On-screen connection / production context,The mid-credit scene reunites Logan with Xavier and Magneto.,Editorial research note; verify individually before publishing,https://www.marvel.com/movies,potential spoilers
8,The Wolverine,8,On-screen connection / production context,That reunion functions as a lead-in to Days of Future Past.,Editorial research note; verify individually before publishing,https://www.marvel.com/movies,potential spoilers
8,X-Men: Days of Future Past,1,On-screen connection / production context,Future Sentinels threaten mutant survival.,Editorial research note; verify individually before publishing,https://www.marvel.com/movies,potential spoilers
8,X-Men: Days of Future Past,2,On-screen connection / production context,Wolverine's consciousness is sent into his younger body.,Editorial research note; verify individually before publishing,https://www.marvel.com/movies,potential spoilers
8,X-Men: Days of Future Past,3,On-screen connection / production context,The plot includes both older and First Class-era actors.,Editorial research note; verify individually before publishing,https://www.marvel.com/movies,potential spoilers
8,X-Men: Days of Future Past,4,On-screen connection / production context,Quicksilver's kitchen sequence uses extreme slow motion.,Editorial research note; verify individually before publishing,https://www.marvel.com/movies,potential spoilers
8,X-Men: Days of Future Past,5,On-screen connection / production context,Mystique's choice in the past determines the altered future.,Editorial research note; verify individually before publishing,https://www.marvel.com/movies,potential spoilers
8,X-Men: Days of Future Past,6,On-screen connection / production context,The ending rewrites several prior character fates.,Editorial research note; verify individually before publishing,https://www.marvel.com/movies,potential spoilers
8,X-Men: Days of Future Past,7,On-screen connection / production context,The post-credit scene foreshadows Apocalypse.,Editorial research note; verify individually before publishing,https://www.marvel.com/movies,potential spoilers
8,X-Men: Days of Future Past,8,On-screen connection / production context,The film adapts the comics' Days of Future Past time-travel premise.,Editorial research note; verify individually before publishing,https://www.marvel.com/movies,potential spoilers
8,X-Men: Days of Future Past,9,On-screen connection / production context,It joins otherwise separated X-Men eras through a temporal crossover.,Editorial research note; verify individually before publishing,https://www.marvel.com/movies,potential spoilers
8,Deadpool,1,On-screen connection / production context,Ryan Reynolds plays a new depiction of Wade Wilson.,Editorial research note; verify individually before publishing,https://www.marvel.com/movies,potential spoilers
8,Deadpool,2,On-screen connection / production context,The opening credits mock action-movie conventions.,Editorial research note; verify individually before publishing,https://www.marvel.com/movies,potential spoilers
8,Deadpool,3,On-screen connection / production context,Colossus tries to recruit Deadpool into the X-Men.,Editorial research note; verify individually before publishing,https://www.marvel.com/movies,potential spoilers
8,Deadpool,4,On-screen connection / production context,Negasonic Teenage Warhead accompanies Colossus.,Editorial research note; verify individually before publishing,https://www.marvel.com/movies,potential spoilers
8,Deadpool,5,On-screen connection / production context,The film jokes about Wolverine and Hugh Jackman.,Editorial research note; verify individually before publishing,https://www.marvel.com/movies,potential spoilers
8,Deadpool,6,On-screen connection / production context,A post-credit scene references the forthcoming Cable appearance.,Editorial research note; verify individually before publishing,https://www.marvel.com/movies,potential spoilers
8,Deadpool,7,On-screen connection / production context,Deadpool repeatedly breaks the fourth wall.,Editorial research note; verify individually before publishing,https://www.marvel.com/movies,potential spoilers
8,Deadpool,8,On-screen connection / production context,The portrayal openly mocks the Weapon XI version from X-Men Origins: Wolverine.,Editorial research note; verify individually before publishing,https://www.marvel.com/movies,potential spoilers
8,Deadpool,9,On-screen connection / production context,The film uses Francis/Ajax as an antagonist.,Editorial research note; verify individually before publishing,https://www.marvel.com/movies,potential spoilers
8,X-Men: Apocalypse,1,On-screen connection / production context,En Sabah Nur/Apocalypse awakens in the 1980s.,Editorial research note; verify individually before publishing,https://www.marvel.com/movies,potential spoilers
8,X-Men: Apocalypse,2,On-screen connection / production context,"Younger versions of Cyclops, Jean Grey and Nightcrawler are introduced.",Editorial research note; verify individually before publishing,https://www.marvel.com/movies,potential spoilers
8,X-Men: Apocalypse,3,On-screen connection / production context,Quicksilver's rescue sequence extends his slow-motion visual style.,Editorial research note; verify individually before publishing,https://www.marvel.com/movies,potential spoilers
8,X-Men: Apocalypse,4,On-screen connection / production context,A Wolverine Weapon X sequence appears.,Editorial research note; verify individually before publishing,https://www.marvel.com/movies,potential spoilers
8,X-Men: Apocalypse,5,On-screen connection / production context,Magneto's personal tragedy contributes to his recruitment.,Editorial research note; verify individually before publishing,https://www.marvel.com/movies,potential spoilers
8,X-Men: Apocalypse,6,On-screen connection / production context,Storm appears as one of Apocalypse's Horsemen.,Editorial research note; verify individually before publishing,https://www.marvel.com/movies,potential spoilers
8,X-Men: Apocalypse,7,On-screen connection / production context,The closing scene introduces revised team uniforms.,Editorial research note; verify individually before publishing,https://www.marvel.com/movies,potential spoilers
8,X-Men: Apocalypse,8,On-screen connection / production context,The post-credit sequence references Essex Corporation/Mister Sinister.,Editorial research note; verify individually before publishing,https://www.marvel.com/movies,potential spoilers
8,Logan,1,On-screen connection / production context,The story centers on an aging Logan with failing regenerative abilities.,Editorial research note; verify individually before publishing,https://www.marvel.com/movies,potential spoilers
8,Logan,2,On-screen connection / production context,Professor Xavier suffers from dangerous psychic episodes.,Editorial research note; verify individually before publishing,https://www.marvel.com/movies,potential spoilers
8,Logan,3,On-screen connection / production context,Laura/X-23 has adamantium claws and a connection to Logan.,Editorial research note; verify individually before publishing,https://www.marvel.com/movies,potential spoilers
8,Logan,4,On-screen connection / production context,The film uses a near-future road-movie framework.,Editorial research note; verify individually before publishing,https://www.marvel.com/movies,potential spoilers
8,Logan,5,On-screen connection / production context,A group of young mutants seeks refuge.,Editorial research note; verify individually before publishing,https://www.marvel.com/movies,potential spoilers
8,Logan,6,On-screen connection / production context,The film's ending becomes a reference point in Deadpool & Wolverine.,Editorial research note; verify individually before publishing,https://www.marvel.com/movies,potential spoilers
8,Logan,7,On-screen connection / production context,The character's fate is not automatically inherited by every multiverse Wolverine variant.,Editorial research note; verify individually before publishing,https://www.marvel.com/movies,potential spoilers
8,Logan,8,On-screen connection / production context,The film takes a different tonal approach from the ensemble X-Men movies.,Editorial research note; verify individually before publishing,https://www.marvel.com/movies,potential spoilers
8,Deadpool 2,1,On-screen connection / production context,Cable travels from the future and pursues Russell.,Editorial research note; verify individually before publishing,https://www.marvel.com/movies,potential spoilers
8,Deadpool 2,2,On-screen connection / production context,Domino has probability-manipulating powers.,Editorial research note; verify individually before publishing,https://www.marvel.com/movies,potential spoilers
8,Deadpool 2,3,On-screen connection / production context,X-Force is introduced and then undercut for comedy.,Editorial research note; verify individually before publishing,https://www.marvel.com/movies,potential spoilers
8,Deadpool 2,4,On-screen connection / production context,Juggernaut appears as a major antagonist.,Editorial research note; verify individually before publishing,https://www.marvel.com/movies,potential spoilers
8,Deadpool 2,5,On-screen connection / production context,The film features brief X-Men cameos in the mansion.,Editorial research note; verify individually before publishing,https://www.marvel.com/movies,potential spoilers
8,Deadpool 2,6,On-screen connection / production context,Wade attempts to rewrite events using a time-travel device.,Editorial research note; verify individually before publishing,https://www.marvel.com/movies,potential spoilers
8,Deadpool 2,7,On-screen connection / production context,Post-credit gags revisit X-Men Origins: Wolverine.,Editorial research note; verify individually before publishing,https://www.marvel.com/movies,potential spoilers
8,Deadpool 2,8,On-screen connection / production context,Vanessa's fate shapes Deadpool's motivation.,Editorial research note; verify individually before publishing,https://www.marvel.com/movies,potential spoilers
8,Deadpool 2,9,On-screen connection / production context,The film continues directly from the first Deadpool.,Editorial research note; verify individually before publishing,https://www.marvel.com/movies,potential spoilers
8,Dark Phoenix,1,On-screen connection / production context,Jean Grey's powers change after exposure to a cosmic force.,Editorial research note; verify individually before publishing,https://www.marvel.com/movies,potential spoilers
8,Dark Phoenix,2,On-screen connection / production context,The team undertakes a rescue mission in space.,Editorial research note; verify individually before publishing,https://www.marvel.com/movies,potential spoilers
8,Dark Phoenix,3,On-screen connection / production context,Professor Xavier faces criticism for his decisions.,Editorial research note; verify individually before publishing,https://www.marvel.com/movies,potential spoilers
8,Dark Phoenix,4,On-screen connection / production context,Magneto and the X-Men become divided over Jean.,Editorial research note; verify individually before publishing,https://www.marvel.com/movies,potential spoilers
8,Dark Phoenix,5,On-screen connection / production context,The film reinterprets the Phoenix storyline previously touched upon in The Last Stand.,Editorial research note; verify individually before publishing,https://www.marvel.com/movies,potential spoilers
8,Dark Phoenix,6,On-screen connection / production context,The story belongs to the altered First Class-era X-Men continuity.,Editorial research note; verify individually before publishing,https://www.marvel.com/movies,potential spoilers
8,Dark Phoenix,7,On-screen connection / production context,A train confrontation provides the climax.,Editorial research note; verify individually before publishing,https://www.marvel.com/movies,potential spoilers
8,Dark Phoenix,8,On-screen connection / production context,The film marks the end of this main ensemble series before later multiverse projects.,Editorial research note; verify individually before publishing,https://www.marvel.com/movies,potential spoilers
8,The New Mutants,1,On-screen connection / production context,Five young mutants are confined in a controlled facility.,Editorial research note; verify individually before publishing,https://www.marvel.com/movies,potential spoilers
8,The New Mutants,2,On-screen connection / production context,Danielle Moonstar's abilities relate to fear and visions.,Editorial research note; verify individually before publishing,https://www.marvel.com/movies,potential spoilers
8,The New Mutants,3,On-screen connection / production context,Illyana Rasputin manifests a magical sword and Limbo powers.,Editorial research note; verify individually before publishing,https://www.marvel.com/movies,potential spoilers
8,The New Mutants,4,On-screen connection / production context,Rahne Sinclair transforms into a wolf.,Editorial research note; verify individually before publishing,https://www.marvel.com/movies,potential spoilers
8,The New Mutants,5,On-screen connection / production context,Sam Guthrie possesses propulsion abilities.,Editorial research note; verify individually before publishing,https://www.marvel.com/movies,potential spoilers
8,The New Mutants,6,On-screen connection / production context,Roberto da Costa manifests solar-related energy powers.,Editorial research note; verify individually before publishing,https://www.marvel.com/movies,potential spoilers
8,The New Mutants,7,On-screen connection / production context,The Demon Bear concept derives from New Mutants comics.,Editorial research note; verify individually before publishing,https://www.marvel.com/movies,potential spoilers
8,The New Mutants,8,On-screen connection / production context,The film does not present a direct MCU Avengers crossover.,Editorial research note; verify individually before publishing,https://www.marvel.com/movies,potential spoilers
8,Fantastic Four (2005),1,On-screen connection / production context,A cosmic-ray accident grants the team their powers.,Editorial research note; verify individually before publishing,https://www.marvel.com/movies,potential spoilers
8,Fantastic Four (2005),2,On-screen connection / production context,Reed Richards gains elasticity.,Editorial research note; verify individually before publishing,https://www.marvel.com/movies,potential spoilers
8,Fantastic Four (2005),3,On-screen connection / production context,Sue Storm becomes invisible and forms force fields.,Editorial research note; verify individually before publishing,https://www.marvel.com/movies,potential spoilers
8,Fantastic Four (2005),4,On-screen connection / production context,Johnny Storm gains fire powers and flight.,Editorial research note; verify individually before publishing,https://www.marvel.com/movies,potential spoilers
8,Fantastic Four (2005),5,On-screen connection / production context,Ben Grimm develops a rock-like body.,Editorial research note; verify individually before publishing,https://www.marvel.com/movies,potential spoilers
8,Fantastic Four (2005),6,On-screen connection / production context,Victor von Doom becomes their antagonist.,Editorial research note; verify individually before publishing,https://www.marvel.com/movies,potential spoilers
8,Fantastic Four (2005),7,On-screen connection / production context,The team establishes an iconic '4' emblem.,Editorial research note; verify individually before publishing,https://www.marvel.com/movies,potential spoilers
8,Fantastic Four (2005),8,On-screen connection / production context,These actors and characters belong to a distinct continuity from the 2025 Fantastic Four movie.,Editorial research note; verify individually before publishing,https://www.marvel.com/movies,potential spoilers
8,Fantastic Four (2005),9,On-screen connection / production context,"Chris Evans plays Johnny Storm, unlike his later MCU Captain America role.",Editorial research note; verify individually before publishing,https://www.marvel.com/movies,potential spoilers
8,Fantastic Four (2005),10,On-screen connection / production context,The Johnny Storm incarnation reappears in Deadpool & Wolverine.,Editorial research note; verify individually before publishing,https://www.marvel.com/movies,potential spoilers
8,Fantastic Four: Rise of the Silver Surfer,1,On-screen connection / production context,Silver Surfer arrives as herald of Galactus.,Editorial research note; verify individually before publishing,https://www.marvel.com/movies,potential spoilers
8,Fantastic Four: Rise of the Silver Surfer,2,On-screen connection / production context,The Surfer's board is a major source of his powers.,Editorial research note; verify individually before publishing,https://www.marvel.com/movies,potential spoilers
8,Fantastic Four: Rise of the Silver Surfer,3,On-screen connection / production context,The team exchanges powers temporarily.,Editorial research note; verify individually before publishing,https://www.marvel.com/movies,potential spoilers
8,Fantastic Four: Rise of the Silver Surfer,4,On-screen connection / production context,Doctor Doom returns from the first film.,Editorial research note; verify individually before publishing,https://www.marvel.com/movies,potential spoilers
8,Fantastic Four: Rise of the Silver Surfer,5,On-screen connection / production context,Galactus is represented in cloudlike form.,Editorial research note; verify individually before publishing,https://www.marvel.com/movies,potential spoilers
8,Fantastic Four: Rise of the Silver Surfer,6,On-screen connection / production context,Johnny Storm has a notable final combined-power sequence.,Editorial research note; verify individually before publishing,https://www.marvel.com/movies,potential spoilers
8,Fantastic Four: Rise of the Silver Surfer,7,On-screen connection / production context,The film continues the 2005 team's continuity.,Editorial research note; verify individually before publishing,https://www.marvel.com/movies,potential spoilers
8,Fantastic Four: Rise of the Silver Surfer,8,On-screen connection / production context,The Silver Surfer concept is adapted from Stan Lee and Jack Kirby-era comics.,Editorial research note; verify individually before publishing,https://www.marvel.com/movies,potential spoilers
8,Fantastic Four (2015),1,On-screen connection / production context,The team's origin centers on experimental interdimensional travel.,Editorial research note; verify individually before publishing,https://www.marvel.com/movies,potential spoilers
8,Fantastic Four (2015),2,On-screen connection / production context,The dimension is called Planet Zero.,Editorial research note; verify individually before publishing,https://www.marvel.com/movies,potential spoilers
8,Fantastic Four (2015),3,On-screen connection / production context,Victor von Doom becomes antagonistic after the mission.,Editorial research note; verify individually before publishing,https://www.marvel.com/movies,potential spoilers
8,Fantastic Four (2015),4,On-screen connection / production context,Reed Richards develops elasticity.,Editorial research note; verify individually before publishing,https://www.marvel.com/movies,potential spoilers
8,Fantastic Four (2015),5,On-screen connection / production context,Ben Grimm transforms into the Thing.,Editorial research note; verify individually before publishing,https://www.marvel.com/movies,potential spoilers
8,Fantastic Four (2015),6,On-screen connection / production context,Sue Storm and Johnny Storm develop different cosmic abilities.,Editorial research note; verify individually before publishing,https://www.marvel.com/movies,potential spoilers
8,Fantastic Four (2015),7,On-screen connection / production context,The film uses a different continuity and cast from the 2005 Fantastic Four movies.,Editorial research note; verify individually before publishing,https://www.marvel.com/movies,potential spoilers
8,Fantastic Four (2015),8,On-screen connection / production context,Miles Teller plays Reed Richards in this version.,Editorial research note; verify individually before publishing,https://www.marvel.com/movies,potential spoilers
8,Generation X,1,On-screen connection / production context,This television film follows teenage mutants at Xavier's school.,Editorial research note; verify individually before publishing,https://www.marvel.com/movies,potential spoilers
8,Generation X,2,On-screen connection / production context,Emma Frost appears as a mentor.,Editorial research note; verify individually before publishing,https://www.marvel.com/movies,potential spoilers
8,Generation X,3,On-screen connection / production context,Banshee appears among the instructors.,Editorial research note; verify individually before publishing,https://www.marvel.com/movies,potential spoilers
8,Generation X,4,On-screen connection / production context,The adaptation draws on the Generation X comics team.,Editorial research note; verify individually before publishing,https://www.marvel.com/movies,potential spoilers
8,Generation X,5,On-screen connection / production context,The film predates the Fox X-Men theatrical series.,Editorial research note; verify individually before publishing,https://www.marvel.com/movies,potential spoilers
8,Generation X,6,On-screen connection / production context,It should not be assumed to share that film series' exact timeline.,Editorial research note; verify individually before publishing,https://www.marvel.com/movies,potential spoilers
